,timestamp,stationId,value,latitude,longitude
0,2025-01-11 10:00:00,S218,0.0,1.36491,103.75065
0,2025-01-11 10:05:00,S218,0.0,1.36491,103.75065
0,2025-01-11 10:10:00,S218,0.0,1.36491,103.75065
0,2025-01-11 10:15:00,S218,0.0,1.36491,103.75065
0,2025-01-11 10:20:00,S218,0.0,1.36491,103.75065
0,2025-01-11 10:25:00,S218,0.0,1.36491,103.75065
0,2025-01-11 10:30:00,S218,0.0,1.36491,103.75065
0,2025-01-11 10:35:00,S218,0.0,1.36491,103.75065
0,2025-01-11 10:40:00,S218,0.0,1.36491,103.75065
0,2025-01-11 10:45:00,S218,0.0,1.36491,103.75065
0,2025-01-11 10:50:00,S218,0.0,1.36491,103.75065
0,2025-01-11 10:55:00,S218,0.0,1.36491,103.75065
0,2025-01-11 11:00:00,S218,0.0,1.36491,103.75065
0,2025-01-11 11:05:00,S218,0.0,1.36491,103.75065
0,2025-01-11 11:10:00,S218,0.0,1.36491,103.75065
0,2025-01-11 11:15:00,S218,0.0,1.36491,103.75065
0,2025-01-11 11:20:00,S218,0.0,1.36491,103.75065
0,2025-01-11 11:25:00,S218,0.0,1.36491,103.75065
0,2025-01-11 11:30:00,S218,0.0,1.36491,103.75065
0,2025-01-11 11:35:00,S218,0.0,1.36491,103.75065
0,2025-01-11 11:40:00,S218,0.204,1.36491,103.75065
0,2025-01-11 11:45:00,S218,0.0,1.36491,103.75065
0,2025-01-11 11:50:00,S218,0.0,1.36491,103.75065
0,2025-01-11 11:55:00,S218,0.0,1.36491,103.75065
0,2025-01-11 10:00:00,S219,0.0,1.37999,103.87643
0,2025-01-11 10:05:00,S219,0.201,1.37999,103.87643
0,2025-01-11 10:10:00,S219,0.0,1.37999,103.87643
0,2025-01-11 10:15:00,S219,0.0,1.37999,103.87643
0,2025-01-11 10:20:00,S219,0.0,1.37999,103.87643
0,2025-01-11 10:25:00,S219,0.0,1.37999,103.87643
0,2025-01-11 10:30:00,S219,0.0,1.37999,103.87643
0,2025-01-11 10:35:00,S219,0.0,1.37999,103.87643
0,2025-01-11 10:40:00,S219,0.0,1.37999,103.87643
0,2025-01-11 10:45:00,S219,0.0,1.37999,103.87643
0,2025-01-11 10:50:00,S219,0.0,1.37999,103.87643
0,2025-01-11 10:55:00,S219,0.0,1.37999,103.87643
0,2025-01-11 11:00:00,S219,0.0,1.37999,103.87643
0,2025-01-11 11:05:00,S219,0.0,1.37999,103.87643
0,2025-01-11 11:10:00,S219,0.0,1.37999,103.87643
0,2025-01-11 11:15:00,S219,0.0,1.37999,103.87643
0,2025-01-11 11:20:00,S219,0.0,1.37999,103.87643
0,2025-01-11 11:25:00,S219,0.0,1.37999,103.87643
0,2025-01-11 11:30:00,S219,0.201,1.37999,103.87643
0,2025-01-11 11:35:00,S219,0.0,1.37999,103.87643
0,2025-01-11 11:40:00,S219,0.0,1.37999,103.87643
0,2025-01-11 11:45:00,S219,0.201,1.37999,103.87643
0,2025-01-11 11:50:00,S219,0.0,1.37999,103.87643
0,2025-01-11 11:55:00,S219,0.201,1.37999,103.87643
0,2025-01-11 10:00:00,S216,0.0,1.36019,103.85335
0,2025-01-11 10:05:00,S216,0.0,1.36019,103.85335
0,2025-01-11 10:10:00,S216,0.0,1.36019,103.85335
0,2025-01-11 10:15:00,S216,0.0,1.36019,103.85335
0,2025-01-11 10:20:00,S216,0.0,1.36019,103.85335
0,2025-01-11 10:25:00,S216,0.204,1.36019,103.85335
0,2025-01-11 10:30:00,S216,0.0,1.36019,103.85335
0,2025-01-11 10:35:00,S216,0.0,1.36019,103.85335
0,2025-01-11 10:40:00,S216,0.0,1.36019,103.85335
0,2025-01-11 10:45:00,S216,0.0,1.36019,103.85335
0,2025-01-11 10:50:00,S216,0.0,1.36019,103.85335
0,2025-01-11 10:55:00,S216,0.0,1.36019,103.85335
0,2025-01-11 11:00:00,S216,0.0,1.36019,103.85335
0,2025-01-11 11:05:00,S216,0.0,1.36019,103.85335
0,2025-01-11 11:10:00,S216,0.0,1.36019,103.85335
0,2025-01-11 11:15:00,S216,0.0,1.36019,103.85335
0,2025-01-11 11:20:00,S216,0.0,1.36019,103.85335
0,2025-01-11 11:25:00,S216,0.0,1.36019,103.85335
0,2025-01-11 11:30:00,S216,0.0,1.36019,103.85335
0,2025-01-11 11:35:00,S216,0.0,1.36019,103.85335
0,2025-01-11 11:40:00,S216,0.204,1.36019,103.85335
0,2025-01-11 11:45:00,S216,0.0,1.36019,103.85335
0,2025-01-11 11:50:00,S216,0.204,1.36019,103.85335
0,2025-01-11 11:55:00,S216,0.204,1.36019,103.85335
0,2025-01-11 10:00:00,S217,0.0,1.35041,103.85526
0,2025-01-11 10:05:00,S217,0.197,1.35041,103.85526
0,2025-01-11 10:10:00,S217,0.0,1.35041,103.85526
0,2025-01-11 10:15:00,S217,0.0,1.35041,103.85526
0,2025-01-11 10:20:00,S217,0.0,1.35041,103.85526
0,2025-01-11 10:25:00,S217,0.197,1.35041,103.85526
0,2025-01-11 10:30:00,S217,0.0,1.35041,103.85526
0,2025-01-11 10:35:00,S217,0.0,1.35041,103.85526
0,2025-01-11 10:40:00,S217,0.0,1.35041,103.85526
0,2025-01-11 10:45:00,S217,0.0,1.35041,103.85526
0,2025-01-11 10:50:00,S217,0.0,1.35041,103.85526
0,2025-01-11 10:55:00,S217,0.0,1.35041,103.85526
0,2025-01-11 11:00:00,S217,0.0,1.35041,103.85526
0,2025-01-11 11:05:00,S217,0.0,1.35041,103.85526
0,2025-01-11 11:10:00,S217,0.0,1.35041,103.85526
0,2025-01-11 11:15:00,S217,0.0,1.35041,103.85526
0,2025-01-11 11:20:00,S217,0.0,1.35041,103.85526
0,2025-01-11 11:25:00,S217,0.0,1.35041,103.85526
0,2025-01-11 11:30:00,S217,0.197,1.35041,103.85526
0,2025-01-11 11:35:00,S217,0.0,1.35041,103.85526
0,2025-01-11 11:40:00,S217,0.0,1.35041,103.85526
0,2025-01-11 11:45:00,S217,0.197,1.35041,103.85526
0,2025-01-11 11:50:00,S217,0.0,1.35041,103.85526
0,2025-01-11 11:55:00,S217,0.197,1.35041,103.85526
0,2025-01-11 10:00:00,S214,0.0,1.29911,103.88289
0,2025-01-11 10:05:00,S214,0.0,1.29911,103.88289
0,2025-01-11 10:10:00,S214,0.0,1.29911,103.88289
0,2025-01-11 10:15:00,S214,0.197,1.29911,103.88289
0,2025-01-11 10:20:00,S214,0.197,1.29911,103.88289
0,2025-01-11 10:25:00,S214,0.197,1.29911,103.88289
0,2025-01-11 10:30:00,S214,0.0,1.29911,103.88289
0,2025-01-11 10:35:00,S214,0.197,1.29911,103.88289
0,2025-01-11 10:40:00,S214,0.0,1.29911,103.88289
0,2025-01-11 10:45:00,S214,0.0,1.29911,103.88289
0,2025-01-11 10:50:00,S214,0.0,1.29911,103.88289
0,2025-01-11 10:55:00,S214,0.0,1.29911,103.88289
0,2025-01-11 11:00:00,S214,0.0,1.29911,103.88289
0,2025-01-11 11:05:00,S214,0.0,1.29911,103.88289
0,2025-01-11 11:10:00,S214,0.0,1.29911,103.88289
0,2025-01-11 11:15:00,S214,0.0,1.29911,103.88289
0,2025-01-11 11:20:00,S214,0.197,1.29911,103.88289
0,2025-01-11 11:25:00,S214,0.197,1.29911,103.88289
0,2025-01-11 11:30:00,S214,0.197,1.29911,103.88289
0,2025-01-11 11:35:00,S214,0.197,1.29911,103.88289
0,2025-01-11 11:40:00,S214,0.197,1.29911,103.88289
0,2025-01-11 11:45:00,S214,0.197,1.29911,103.88289
0,2025-01-11 11:50:00,S214,0.197,1.29911,103.88289
0,2025-01-11 11:55:00,S214,0.197,1.29911,103.88289
0,2025-01-11 10:00:00,S215,0.0,1.32785,103.88899
0,2025-01-11 10:05:00,S215,0.0,1.32785,103.88899
0,2025-01-11 10:10:00,S215,0.0,1.32785,103.88899
0,2025-01-11 10:15:00,S215,0.203,1.32785,103.88899
0,2025-01-11 10:20:00,S215,0.0,1.32785,103.88899
0,2025-01-11 10:25:00,S215,0.203,1.32785,103.88899
0,2025-01-11 10:30:00,S215,0.0,1.32785,103.88899
0,2025-01-11 10:35:00,S215,0.0,1.32785,103.88899
0,2025-01-11 10:40:00,S215,0.203,1.32785,103.88899
0,2025-01-11 10:45:00,S215,0.0,1.32785,103.88899
0,2025-01-11 10:50:00,S215,0.0,1.32785,103.88899
0,2025-01-11 10:55:00,S215,0.0,1.32785,103.88899
0,2025-01-11 11:00:00,S215,0.0,1.32785,103.88899
0,2025-01-11 11:05:00,S215,0.0,1.32785,103.88899
0,2025-01-11 11:10:00,S215,0.0,1.32785,103.88899
0,2025-01-11 11:15:00,S215,0.0,1.32785,103.88899
0,2025-01-11 11:20:00,S215,0.0,1.32785,103.88899
0,2025-01-11 11:25:00,S215,0.0,1.32785,103.88899
0,2025-01-11 11:30:00,S215,0.203,1.32785,103.88899
0,2025-01-11 11:35:00,S215,0.203,1.32785,103.88899
0,2025-01-11 11:40:00,S215,0.0,1.32785,103.88899
0,2025-01-11 11:45:00,S215,0.203,1.32785,103.88899
0,2025-01-11 11:50:00,S215,0.0,1.32785,103.88899
0,2025-01-11 11:55:00,S215,0.203,1.32785,103.88899
0,2025-01-11 10:00:00,S213,0.0,1.32427,103.8097
0,2025-01-11 10:05:00,S213,0.0,1.32427,103.8097
0,2025-01-11 10:10:00,S213,0.0,1.32427,103.8097
0,2025-01-11 10:15:00,S213,0.0,1.32427,103.8097
0,2025-01-11 10:20:00,S213,0.0,1.32427,103.8097
0,2025-01-11 10:25:00,S213,0.0,1.32427,103.8097
0,2025-01-11 10:30:00,S213,0.0,1.32427,103.8097
0,2025-01-11 10:35:00,S213,0.2,1.32427,103.8097
0,2025-01-11 10:40:00,S213,0.0,1.32427,103.8097
0,2025-01-11 10:45:00,S213,0.0,1.32427,103.8097
0,2025-01-11 10:50:00,S213,0.0,1.32427,103.8097
0,2025-01-11 10:55:00,S213,0.0,1.32427,103.8097
0,2025-01-11 11:00:00,S213,0.0,1.32427,103.8097
0,2025-01-11 11:05:00,S213,0.0,1.32427,103.8097
0,2025-01-11 11:10:00,S213,0.0,1.32427,103.8097
0,2025-01-11 11:15:00,S213,0.0,1.32427,103.8097
0,2025-01-11 11:20:00,S213,0.0,1.32427,103.8097
0,2025-01-11 11:25:00,S213,0.0,1.32427,103.8097
0,2025-01-11 11:30:00,S213,0.0,1.32427,103.8097
0,2025-01-11 11:35:00,S213,0.0,1.32427,103.8097
0,2025-01-11 11:40:00,S213,0.0,1.32427,103.8097
0,2025-01-11 11:45:00,S213,0.2,1.32427,103.8097
0,2025-01-11 11:50:00,S213,0.2,1.32427,103.8097
0,2025-01-11 11:55:00,S213,0.0,1.32427,103.8097
0,2025-01-11 10:00:00,S81,0.0,1.4029,103.9092
0,2025-01-11 10:05:00,S81,0.0,1.4029,103.9092
0,2025-01-11 10:10:00,S81,0.0,1.4029,103.9092
0,2025-01-11 10:15:00,S81,0.0,1.4029,103.9092
0,2025-01-11 10:20:00,S81,0.0,1.4029,103.9092
0,2025-01-11 10:25:00,S81,0.0,1.4029,103.9092
0,2025-01-11 10:30:00,S81,0.0,1.4029,103.9092
0,2025-01-11 10:35:00,S81,0.0,1.4029,103.9092
0,2025-01-11 10:40:00,S81,0.0,1.4029,103.9092
0,2025-01-11 10:45:00,S81,0.0,1.4029,103.9092
0,2025-01-11 10:50:00,S81,0.0,1.4029,103.9092
0,2025-01-11 10:55:00,S81,0.0,1.4029,103.9092
0,2025-01-11 11:00:00,S81,0.0,1.4029,103.9092
0,2025-01-11 11:05:00,S81,0.0,1.4029,103.9092
0,2025-01-11 11:10:00,S81,0.2,1.4029,103.9092
0,2025-01-11 11:15:00,S81,0.0,1.4029,103.9092
0,2025-01-11 11:20:00,S81,0.0,1.4029,103.9092
0,2025-01-11 11:25:00,S81,0.0,1.4029,103.9092
0,2025-01-11 11:30:00,S81,0.0,1.4029,103.9092
0,2025-01-11 11:35:00,S81,0.0,1.4029,103.9092
0,2025-01-11 11:40:00,S81,0.2,1.4029,103.9092
0,2025-01-11 11:45:00,S81,0.0,1.4029,103.9092
0,2025-01-11 11:50:00,S81,0.0,1.4029,103.9092
0,2025-01-11 11:55:00,S81,0.8,1.4029,103.9092
0,2025-01-11 10:00:00,S40,0.0,1.4044,103.78962
0,2025-01-11 10:05:00,S40,0.0,1.4044,103.78962
0,2025-01-11 10:10:00,S40,0.0,1.4044,103.78962
0,2025-01-11 10:15:00,S40,0.0,1.4044,103.78962
0,2025-01-11 10:20:00,S40,0.0,1.4044,103.78962
0,2025-01-11 10:25:00,S40,0.0,1.4044,103.78962
0,2025-01-11 10:30:00,S40,0.2,1.4044,103.78962
0,2025-01-11 10:35:00,S40,0.0,1.4044,103.78962
0,2025-01-11 10:40:00,S40,0.0,1.4044,103.78962
0,2025-01-11 10:45:00,S40,0.0,1.4044,103.78962
0,2025-01-11 10:50:00,S40,0.0,1.4044,103.78962
0,2025-01-11 10:55:00,S40,0.0,1.4044,103.78962
0,2025-01-11 11:00:00,S40,0.0,1.4044,103.78962
0,2025-01-11 11:05:00,S40,0.0,1.4044,103.78962
0,2025-01-11 11:10:00,S40,0.0,1.4044,103.78962
0,2025-01-11 11:15:00,S40,0.0,1.4044,103.78962
0,2025-01-11 11:20:00,S40,0.0,1.4044,103.78962
0,2025-01-11 11:25:00,S40,0.0,1.4044,103.78962
0,2025-01-11 11:30:00,S40,0.0,1.4044,103.78962
0,2025-01-11 11:35:00,S40,0.2,1.4044,103.78962
0,2025-01-11 11:40:00,S40,0.0,1.4044,103.78962
0,2025-01-11 11:45:00,S40,0.0,1.4044,103.78962
0,2025-01-11 11:50:00,S40,0.2,1.4044,103.78962
0,2025-01-11 11:55:00,S40,0.2,1.4044,103.78962
0,2025-01-11 10:00:00,S84,0.0,1.3437,103.9444
0,2025-01-11 10:05:00,S84,0.0,1.3437,103.9444
0,2025-01-11 10:10:00,S84,0.0,1.3437,103.9444
0,2025-01-11 10:15:00,S84,0.2,1.3437,103.9444
0,2025-01-11 10:20:00,S84,0.0,1.3437,103.9444
0,2025-01-11 10:25:00,S84,0.0,1.3437,103.9444
0,2025-01-11 10:30:00,S84,0.2,1.3437,103.9444
0,2025-01-11 10:35:00,S84,0.4,1.3437,103.9444
0,2025-01-11 10:40:00,S84,0.0,1.3437,103.9444
0,2025-01-11 10:45:00,S84,0.0,1.3437,103.9444
0,2025-01-11 10:50:00,S84,0.0,1.3437,103.9444
0,2025-01-11 10:55:00,S84,0.0,1.3437,103.9444
0,2025-01-11 11:00:00,S84,0.2,1.3437,103.9444
0,2025-01-11 11:05:00,S84,0.2,1.3437,103.9444
0,2025-01-11 11:10:00,S84,0.2,1.3437,103.9444
0,2025-01-11 11:15:00,S84,0.4,1.3437,103.9444
0,2025-01-11 11:20:00,S84,0.2,1.3437,103.9444
0,2025-01-11 11:25:00,S84,0.2,1.3437,103.9444
0,2025-01-11 11:30:00,S84,0.2,1.3437,103.9444
0,2025-01-11 11:35:00,S84,0.2,1.3437,103.9444
0,2025-01-11 11:40:00,S84,0.2,1.3437,103.9444
0,2025-01-11 11:45:00,S84,0.4,1.3437,103.9444
0,2025-01-11 11:50:00,S84,0.4,1.3437,103.9444
0,2025-01-11 11:55:00,S84,0.6,1.3437,103.9444
0,2025-01-11 10:00:00,S44,0.2,1.34583,103.68166
0,2025-01-11 10:05:00,S44,0.0,1.34583,103.68166
0,2025-01-11 10:10:00,S44,0.0,1.34583,103.68166
0,2025-01-11 10:15:00,S44,0.0,1.34583,103.68166
0,2025-01-11 10:20:00,S44,0.0,1.34583,103.68166
0,2025-01-11 10:25:00,S44,0.0,1.34583,103.68166
0,2025-01-11 10:30:00,S44,0.0,1.34583,103.68166
0,2025-01-11 10:35:00,S44,0.0,1.34583,103.68166
0,2025-01-11 10:40:00,S44,0.0,1.34583,103.68166
0,2025-01-11 10:45:00,S44,0.0,1.34583,103.68166
0,2025-01-11 10:50:00,S44,0.0,1.34583,103.68166
0,2025-01-11 10:55:00,S44,0.0,1.34583,103.68166
0,2025-01-11 11:00:00,S44,0.0,1.34583,103.68166
0,2025-01-11 11:05:00,S44,0.0,1.34583,103.68166
0,2025-01-11 11:10:00,S44,0.0,1.34583,103.68166
0,2025-01-11 11:15:00,S44,0.0,1.34583,103.68166
0,2025-01-11 11:20:00,S44,0.0,1.34583,103.68166
0,2025-01-11 11:25:00,S44,0.0,1.34583,103.68166
0,2025-01-11 11:30:00,S44,0.0,1.34583,103.68166
0,2025-01-11 11:35:00,S44,0.0,1.34583,103.68166
0,2025-01-11 11:40:00,S44,0.0,1.34583,103.68166
0,2025-01-11 11:45:00,S44,0.0,1.34583,103.68166
0,2025-01-11 11:50:00,S44,0.0,1.34583,103.68166
0,2025-01-11 11:55:00,S44,0.0,1.34583,103.68166
0,2025-01-11 10:00:00,S88,0.0,1.3427,103.8482
0,2025-01-11 10:05:00,S88,0.0,1.3427,103.8482
0,2025-01-11 10:10:00,S88,0.2,1.3427,103.8482
0,2025-01-11 10:15:00,S88,0.0,1.3427,103.8482
0,2025-01-11 10:20:00,S88,0.0,1.3427,103.8482
0,2025-01-11 10:25:00,S88,0.0,1.3427,103.8482
0,2025-01-11 10:30:00,S88,0.2,1.3427,103.8482
0,2025-01-11 10:35:00,S88,0.0,1.3427,103.8482
0,2025-01-11 10:40:00,S88,0.0,1.3427,103.8482
0,2025-01-11 10:45:00,S88,0.0,1.3427,103.8482
0,2025-01-11 10:50:00,S88,0.0,1.3427,103.8482
0,2025-01-11 10:55:00,S88,0.0,1.3427,103.8482
0,2025-01-11 11:00:00,S88,0.0,1.3427,103.8482
0,2025-01-11 11:05:00,S88,0.0,1.3427,103.8482
0,2025-01-11 11:10:00,S88,0.0,1.3427,103.8482
0,2025-01-11 11:15:00,S88,0.0,1.3427,103.8482
0,2025-01-11 11:20:00,S88,0.0,1.3427,103.8482
0,2025-01-11 11:25:00,S88,0.0,1.3427,103.8482
0,2025-01-11 11:30:00,S88,0.0,1.3427,103.8482
0,2025-01-11 11:35:00,S88,0.2,1.3427,103.8482
0,2025-01-11 11:40:00,S88,0.0,1.3427,103.8482
0,2025-01-11 11:45:00,S88,0.2,1.3427,103.8482
0,2025-01-11 11:50:00,S88,0.0,1.3427,103.8482
0,2025-01-11 11:55:00,S88,0.0,1.3427,103.8482
0,2025-01-11 10:00:00,S43,0.0,1.3399,103.8878
0,2025-01-11 10:05:00,S43,0.0,1.3399,103.8878
0,2025-01-11 10:10:00,S43,0.0,1.3399,103.8878
0,2025-01-11 10:15:00,S43,0.0,1.3399,103.8878
0,2025-01-11 10:20:00,S43,0.0,1.3399,103.8878
0,2025-01-11 10:25:00,S43,0.2,1.3399,103.8878
0,2025-01-11 10:30:00,S43,0.2,1.3399,103.8878
0,2025-01-11 10:35:00,S43,0.0,1.3399,103.8878
0,2025-01-11 10:40:00,S43,0.2,1.3399,103.8878
0,2025-01-11 10:45:00,S43,0.0,1.3399,103.8878
0,2025-01-11 10:50:00,S43,0.0,1.3399,103.8878
0,2025-01-11 10:55:00,S43,0.0,1.3399,103.8878
0,2025-01-11 11:00:00,S43,0.0,1.3399,103.8878
0,2025-01-11 11:05:00,S43,0.0,1.3399,103.8878
0,2025-01-11 11:10:00,S43,0.0,1.3399,103.8878
0,2025-01-11 11:15:00,S43,0.0,1.3399,103.8878
0,2025-01-11 11:20:00,S43,0.2,1.3399,103.8878
0,2025-01-11 11:25:00,S43,0.2,1.3399,103.8878
0,2025-01-11 11:30:00,S43,0.2,1.3399,103.8878
0,2025-01-11 11:35:00,S43,0.2,1.3399,103.8878
0,2025-01-11 11:40:00,S43,0.0,1.3399,103.8878
0,2025-01-11 11:45:00,S43,0.2,1.3399,103.8878
0,2025-01-11 11:50:00,S43,0.0,1.3399,103.8878
0,2025-01-11 11:55:00,S43,0.2,1.3399,103.8878
0,2025-01-11 10:00:00,S89,0.2,1.31985,103.66162
0,2025-01-11 10:05:00,S89,0.0,1.31985,103.66162
0,2025-01-11 10:10:00,S89,0.0,1.31985,103.66162
0,2025-01-11 10:15:00,S89,0.0,1.31985,103.66162
0,2025-01-11 10:20:00,S89,0.0,1.31985,103.66162
0,2025-01-11 10:25:00,S89,0.0,1.31985,103.66162
0,2025-01-11 10:30:00,S89,0.0,1.31985,103.66162
0,2025-01-11 10:35:00,S89,0.2,1.31985,103.66162
0,2025-01-11 10:40:00,S89,0.0,1.31985,103.66162
0,2025-01-11 10:45:00,S89,0.0,1.31985,103.66162
0,2025-01-11 10:50:00,S89,0.0,1.31985,103.66162
0,2025-01-11 10:55:00,S89,0.0,1.31985,103.66162
0,2025-01-11 11:00:00,S89,0.0,1.31985,103.66162
0,2025-01-11 11:05:00,S89,0.0,1.31985,103.66162
0,2025-01-11 11:10:00,S89,0.0,1.31985,103.66162
0,2025-01-11 11:15:00,S89,0.0,1.31985,103.66162
0,2025-01-11 11:20:00,S89,0.0,1.31985,103.66162
0,2025-01-11 11:25:00,S89,0.0,1.31985,103.66162
0,2025-01-11 11:30:00,S89,0.0,1.31985,103.66162
0,2025-01-11 11:35:00,S89,0.0,1.31985,103.66162
0,2025-01-11 11:40:00,S89,0.0,1.31985,103.66162
0,2025-01-11 11:45:00,S89,0.0,1.31985,103.66162
0,2025-01-11 11:50:00,S89,0.0,1.31985,103.66162
0,2025-01-11 11:55:00,S89,0.0,1.31985,103.66162
0,2025-01-11 10:00:00,S06,0.0,1.3524,103.9007
0,2025-01-11 10:05:00,S06,0.0,1.3524,103.9007
0,2025-01-11 10:10:00,S06,0.0,1.3524,103.9007
0,2025-01-11 10:15:00,S06,0.0,1.3524,103.9007
0,2025-01-11 10:20:00,S06,0.0,1.3524,103.9007
0,2025-01-11 10:25:00,S06,0.0,1.3524,103.9007
0,2025-01-11 10:30:00,S06,0.4,1.3524,103.9007
0,2025-01-11 10:35:00,S06,0.2,1.3524,103.9007
0,2025-01-11 10:40:00,S06,0.0,1.3524,103.9007
0,2025-01-11 10:45:00,S06,0.0,1.3524,103.9007
0,2025-01-11 10:50:00,S06,0.0,1.3524,103.9007
0,2025-01-11 10:55:00,S06,0.0,1.3524,103.9007
0,2025-01-11 11:00:00,S06,0.0,1.3524,103.9007
0,2025-01-11 11:05:00,S06,0.0,1.3524,103.9007
0,2025-01-11 11:10:00,S06,0.0,1.3524,103.9007
0,2025-01-11 11:15:00,S06,0.0,1.3524,103.9007
0,2025-01-11 11:20:00,S06,0.0,1.3524,103.9007
0,2025-01-11 11:25:00,S06,0.0,1.3524,103.9007
0,2025-01-11 11:30:00,S06,0.2,1.3524,103.9007
0,2025-01-11 11:35:00,S06,0.0,1.3524,103.9007
0,2025-01-11 11:40:00,S06,0.2,1.3524,103.9007
0,2025-01-11 11:45:00,S06,0.2,1.3524,103.9007
0,2025-01-11 11:50:00,S06,0.2,1.3524,103.9007
0,2025-01-11 11:55:00,S06,0.2,1.3524,103.9007
0,2025-01-11 10:00:00,S221,0.0,1.35691,103.89088
0,2025-01-11 10:05:00,S221,0.0,1.35691,103.89088
0,2025-01-11 10:10:00,S221,0.0,1.35691,103.89088
0,2025-01-11 10:15:00,S221,0.0,1.35691,103.89088
0,2025-01-11 10:20:00,S221,0.0,1.35691,103.89088
0,2025-01-11 10:25:00,S221,0.198,1.35691,103.89088
0,2025-01-11 10:30:00,S221,0.0,1.35691,103.89088
0,2025-01-11 10:35:00,S221,0.198,1.35691,103.89088
0,2025-01-11 10:40:00,S221,0.0,1.35691,103.89088
0,2025-01-11 10:45:00,S221,0.0,1.35691,103.89088
0,2025-01-11 10:50:00,S221,0.0,1.35691,103.89088
0,2025-01-11 10:55:00,S221,0.0,1.35691,103.89088
0,2025-01-11 11:00:00,S221,0.0,1.35691,103.89088
0,2025-01-11 11:05:00,S221,0.0,1.35691,103.89088
0,2025-01-11 11:10:00,S221,0.0,1.35691,103.89088
0,2025-01-11 11:15:00,S221,0.0,1.35691,103.89088
0,2025-01-11 11:20:00,S221,0.594,1.35691,103.89088
0,2025-01-11 11:25:00,S221,0.594,1.35691,103.89088
0,2025-01-11 11:30:00,S221,0.0,1.35691,103.89088
0,2025-01-11 11:35:00,S221,0.198,1.35691,103.89088
0,2025-01-11 11:40:00,S221,0.198,1.35691,103.89088
0,2025-01-11 11:45:00,S221,0.0,1.35691,103.89088
0,2025-01-11 11:50:00,S221,0.198,1.35691,103.89088
0,2025-01-11 11:55:00,S221,0.198,1.35691,103.89088
0,2025-01-11 10:00:00,S222,0.0,1.28987,103.82364
0,2025-01-11 10:05:00,S222,0.0,1.28987,103.82364
0,2025-01-11 10:10:00,S222,0.0,1.28987,103.82364
0,2025-01-11 10:15:00,S222,0.402,1.28987,103.82364
0,2025-01-11 10:20:00,S222,0.0,1.28987,103.82364
0,2025-01-11 10:25:00,S222,0.201,1.28987,103.82364
0,2025-01-11 10:30:00,S222,0.0,1.28987,103.82364
0,2025-01-11 10:35:00,S222,0.201,1.28987,103.82364
0,2025-01-11 10:40:00,S222,0.0,1.28987,103.82364
0,2025-01-11 10:45:00,S222,0.0,1.28987,103.82364
0,2025-01-11 10:50:00,S222,0.0,1.28987,103.82364
0,2025-01-11 10:55:00,S222,0.0,1.28987,103.82364
0,2025-01-11 11:00:00,S222,0.0,1.28987,103.82364
0,2025-01-11 11:05:00,S222,0.0,1.28987,103.82364
0,2025-01-11 11:10:00,S222,0.0,1.28987,103.82364
0,2025-01-11 11:15:00,S222,0.0,1.28987,103.82364
0,2025-01-11 11:20:00,S222,0.0,1.28987,103.82364
0,2025-01-11 11:25:00,S222,0.0,1.28987,103.82364
0,2025-01-11 11:30:00,S222,0.0,1.28987,103.82364
0,2025-01-11 11:35:00,S222,0.402,1.28987,103.82364
0,2025-01-11 11:40:00,S222,0.201,1.28987,103.82364
0,2025-01-11 11:45:00,S222,0.0,1.28987,103.82364
0,2025-01-11 11:50:00,S222,0.201,1.28987,103.82364
0,2025-01-11 11:55:00,S222,0.0,1.28987,103.82364
0,2025-01-11 10:00:00,S08,0.0,1.3701,103.8271
0,2025-01-11 10:05:00,S08,0.0,1.3701,103.8271
0,2025-01-11 10:10:00,S08,0.0,1.3701,103.8271
0,2025-01-11 10:15:00,S08,0.0,1.3701,103.8271
0,2025-01-11 10:20:00,S08,0.0,1.3701,103.8271
0,2025-01-11 10:25:00,S08,0.0,1.3701,103.8271
0,2025-01-11 10:30:00,S08,0.0,1.3701,103.8271
0,2025-01-11 10:35:00,S08,0.0,1.3701,103.8271
0,2025-01-11 10:40:00,S08,0.0,1.3701,103.8271
0,2025-01-11 10:45:00,S08,0.0,1.3701,103.8271
0,2025-01-11 10:50:00,S08,0.0,1.3701,103.8271
0,2025-01-11 10:55:00,S08,0.0,1.3701,103.8271
0,2025-01-11 11:00:00,S08,0.0,1.3701,103.8271
0,2025-01-11 11:05:00,S08,0.0,1.3701,103.8271
0,2025-01-11 11:10:00,S08,0.0,1.3701,103.8271
0,2025-01-11 11:15:00,S08,0.0,1.3701,103.8271
0,2025-01-11 11:20:00,S08,0.0,1.3701,103.8271
0,2025-01-11 11:25:00,S08,0.0,1.3701,103.8271
0,2025-01-11 11:30:00,S08,0.2,1.3701,103.8271
0,2025-01-11 11:35:00,S08,0.0,1.3701,103.8271
0,2025-01-11 11:40:00,S08,0.0,1.3701,103.8271
0,2025-01-11 11:45:00,S08,0.0,1.3701,103.8271
0,2025-01-11 11:50:00,S08,0.2,1.3701,103.8271
0,2025-01-11 11:55:00,S08,0.2,1.3701,103.8271
0,2025-01-11 10:00:00,S07,0.0,1.3415,103.8334
0,2025-01-11 10:05:00,S07,0.0,1.3415,103.8334
0,2025-01-11 10:10:00,S07,0.2,1.3415,103.8334
0,2025-01-11 10:15:00,S07,0.0,1.3415,103.8334
0,2025-01-11 10:20:00,S07,0.0,1.3415,103.8334
0,2025-01-11 10:25:00,S07,0.0,1.3415,103.8334
0,2025-01-11 10:30:00,S07,0.0,1.3415,103.8334
0,2025-01-11 10:35:00,S07,0.0,1.3415,103.8334
0,2025-01-11 10:40:00,S07,0.0,1.3415,103.8334
0,2025-01-11 10:45:00,S07,0.0,1.3415,103.8334
0,2025-01-11 10:50:00,S07,0.0,1.3415,103.8334
0,2025-01-11 10:55:00,S07,0.0,1.3415,103.8334
0,2025-01-11 11:00:00,S07,0.0,1.3415,103.8334
0,2025-01-11 11:05:00,S07,0.0,1.3415,103.8334
0,2025-01-11 11:10:00,S07,0.0,1.3415,103.8334
0,2025-01-11 11:15:00,S07,0.0,1.3415,103.8334
0,2025-01-11 11:20:00,S07,0.0,1.3415,103.8334
0,2025-01-11 11:25:00,S07,0.0,1.3415,103.8334
0,2025-01-11 11:30:00,S07,0.0,1.3415,103.8334
0,2025-01-11 11:35:00,S07,0.0,1.3415,103.8334
0,2025-01-11 11:40:00,S07,0.0,1.3415,103.8334
0,2025-01-11 11:45:00,S07,0.2,1.3415,103.8334
0,2025-01-11 11:50:00,S07,0.0,1.3415,103.8334
0,2025-01-11 11:55:00,S07,0.2,1.3415,103.8334
0,2025-01-11 10:00:00,S220,0.0,1.38666,103.89797
0,2025-01-11 10:05:00,S220,0.0,1.38666,103.89797
0,2025-01-11 10:10:00,S220,0.0,1.38666,103.89797
0,2025-01-11 10:15:00,S220,0.0,1.38666,103.89797
0,2025-01-11 10:20:00,S220,0.0,1.38666,103.89797
0,2025-01-11 10:25:00,S220,0.203,1.38666,103.89797
0,2025-01-11 10:30:00,S220,0.0,1.38666,103.89797
0,2025-01-11 10:35:00,S220,0.0,1.38666,103.89797
0,2025-01-11 10:40:00,S220,0.0,1.38666,103.89797
0,2025-01-11 10:45:00,S220,0.0,1.38666,103.89797
0,2025-01-11 10:50:00,S220,0.0,1.38666,103.89797
0,2025-01-11 10:55:00,S220,0.0,1.38666,103.89797
0,2025-01-11 11:00:00,S220,0.0,1.38666,103.89797
0,2025-01-11 11:05:00,S220,0.0,1.38666,103.89797
0,2025-01-11 11:10:00,S220,0.0,1.38666,103.89797
0,2025-01-11 11:15:00,S220,0.0,1.38666,103.89797
0,2025-01-11 11:20:00,S220,0.0,1.38666,103.89797
0,2025-01-11 11:25:00,S220,0.0,1.38666,103.89797
0,2025-01-11 11:30:00,S220,0.0,1.38666,103.89797
0,2025-01-11 11:35:00,S220,0.203,1.38666,103.89797
0,2025-01-11 11:40:00,S220,0.0,1.38666,103.89797
0,2025-01-11 11:45:00,S220,0.0,1.38666,103.89797
0,2025-01-11 11:50:00,S220,0.203,1.38666,103.89797
0,2025-01-11 11:55:00,S220,0.406,1.38666,103.89797
0,2025-01-11 10:00:00,S207,0.0,1.32485,103.95836
0,2025-01-11 10:05:00,S207,0.0,1.32485,103.95836
0,2025-01-11 10:10:00,S207,0.0,1.32485,103.95836
0,2025-01-11 10:15:00,S207,0.0,1.32485,103.95836
0,2025-01-11 10:20:00,S207,0.0,1.32485,103.95836
0,2025-01-11 10:25:00,S207,0.0,1.32485,103.95836
0,2025-01-11 10:30:00,S207,0.201,1.32485,103.95836
0,2025-01-11 10:35:00,S207,0.0,1.32485,103.95836
0,2025-01-11 10:40:00,S207,0.0,1.32485,103.95836
0,2025-01-11 10:45:00,S207,0.0,1.32485,103.95836
0,2025-01-11 10:50:00,S207,0.0,1.32485,103.95836
0,2025-01-11 10:55:00,S207,0.0,1.32485,103.95836
0,2025-01-11 11:00:00,S207,0.603,1.32485,103.95836
0,2025-01-11 11:05:00,S207,0.603,1.32485,103.95836
0,2025-01-11 11:10:00,S207,1.407,1.32485,103.95836
0,2025-01-11 11:15:00,S207,1.407,1.32485,103.95836
0,2025-01-11 11:20:00,S207,0.201,1.32485,103.95836
0,2025-01-11 11:25:00,S207,0.201,1.32485,103.95836
0,2025-01-11 11:30:00,S207,0.603,1.32485,103.95836
0,2025-01-11 11:35:00,S207,0.201,1.32485,103.95836
0,2025-01-11 11:40:00,S207,0.201,1.32485,103.95836
0,2025-01-11 11:45:00,S207,0.402,1.32485,103.95836
0,2025-01-11 11:50:00,S207,1.407,1.32485,103.95836
0,2025-01-11 11:55:00,S207,1.407,1.32485,103.95836
0,2025-01-11 10:00:00,S208,0.0,1.3136,104.00317
0,2025-01-11 10:05:00,S208,0.0,1.3136,104.00317
0,2025-01-11 10:10:00,S208,0.0,1.3136,104.00317
0,2025-01-11 10:15:00,S208,0.0,1.3136,104.00317
0,2025-01-11 10:20:00,S208,0.204,1.3136,104.00317
0,2025-01-11 10:25:00,S208,0.0,1.3136,104.00317
0,2025-01-11 10:30:00,S208,0.0,1.3136,104.00317
0,2025-01-11 10:35:00,S208,0.0,1.3136,104.00317
0,2025-01-11 10:40:00,S208,0.0,1.3136,104.00317
0,2025-01-11 10:45:00,S208,0.0,1.3136,104.00317
0,2025-01-11 10:50:00,S208,0.0,1.3136,104.00317
0,2025-01-11 10:55:00,S208,0.0,1.3136,104.00317
0,2025-01-11 11:00:00,S208,1.632,1.3136,104.00317
0,2025-01-11 11:05:00,S208,1.632,1.3136,104.00317
0,2025-01-11 11:10:00,S208,0.612,1.3136,104.00317
0,2025-01-11 11:15:00,S208,0.408,1.3136,104.00317
0,2025-01-11 11:20:00,S208,0.204,1.3136,104.00317
0,2025-01-11 11:25:00,S208,0.204,1.3136,104.00317
0,2025-01-11 11:30:00,S208,0.612,1.3136,104.00317
0,2025-01-11 11:35:00,S208,0.408,1.3136,104.00317
0,2025-01-11 11:40:00,S208,0.612,1.3136,104.00317
0,2025-01-11 11:45:00,S208,0.816,1.3136,104.00317
0,2025-01-11 11:50:00,S208,1.02,1.3136,104.00317
0,2025-01-11 11:55:00,S208,1.836,1.3136,104.00317
0,2025-01-11 10:00:00,S203,0.201,1.29164,103.7702
0,2025-01-11 10:05:00,S203,0.201,1.29164,103.7702
0,2025-01-11 10:10:00,S203,0.0,1.29164,103.7702
0,2025-01-11 10:15:00,S203,0.0,1.29164,103.7702
0,2025-01-11 10:20:00,S203,0.0,1.29164,103.7702
0,2025-01-11 10:25:00,S203,0.0,1.29164,103.7702
0,2025-01-11 10:30:00,S203,0.0,1.29164,103.7702
0,2025-01-11 10:35:00,S203,0.0,1.29164,103.7702
0,2025-01-11 10:40:00,S203,0.0,1.29164,103.7702
0,2025-01-11 10:45:00,S203,0.0,1.29164,103.7702
0,2025-01-11 10:50:00,S203,0.201,1.29164,103.7702
0,2025-01-11 10:55:00,S203,0.201,1.29164,103.7702
0,2025-01-11 11:00:00,S203,0.0,1.29164,103.7702
0,2025-01-11 11:05:00,S203,0.0,1.29164,103.7702
0,2025-01-11 11:10:00,S203,0.0,1.29164,103.7702
0,2025-01-11 11:15:00,S203,0.0,1.29164,103.7702
0,2025-01-11 11:20:00,S203,0.0,1.29164,103.7702
0,2025-01-11 11:25:00,S203,0.0,1.29164,103.7702
0,2025-01-11 11:30:00,S203,0.0,1.29164,103.7702
0,2025-01-11 11:35:00,S203,0.0,1.29164,103.7702
0,2025-01-11 11:40:00,S203,0.0,1.29164,103.7702
0,2025-01-11 11:45:00,S203,0.0,1.29164,103.7702
0,2025-01-11 11:50:00,S203,0.0,1.29164,103.7702
0,2025-01-11 11:55:00,S203,0.201,1.29164,103.7702
0,2025-01-11 10:00:00,S201,0.0,1.32311,103.76714
0,2025-01-11 10:05:00,S201,0.2,1.32311,103.76714
0,2025-01-11 10:10:00,S201,0.0,1.32311,103.76714
0,2025-01-11 10:15:00,S201,0.0,1.32311,103.76714
0,2025-01-11 10:20:00,S201,0.0,1.32311,103.76714
0,2025-01-11 10:25:00,S201,0.0,1.32311,103.76714
0,2025-01-11 10:30:00,S201,0.0,1.32311,103.76714
0,2025-01-11 10:35:00,S201,0.0,1.32311,103.76714
0,2025-01-11 10:40:00,S201,0.0,1.32311,103.76714
0,2025-01-11 10:45:00,S201,0.0,1.32311,103.76714
0,2025-01-11 10:50:00,S201,0.2,1.32311,103.76714
0,2025-01-11 10:55:00,S201,0.2,1.32311,103.76714
0,2025-01-11 11:00:00,S201,0.0,1.32311,103.76714
0,2025-01-11 11:05:00,S201,0.0,1.32311,103.76714
0,2025-01-11 11:10:00,S201,0.0,1.32311,103.76714
0,2025-01-11 11:15:00,S201,0.0,1.32311,103.76714
0,2025-01-11 11:20:00,S201,0.0,1.32311,103.76714
0,2025-01-11 11:25:00,S201,0.0,1.32311,103.76714
0,2025-01-11 11:30:00,S201,0.0,1.32311,103.76714
0,2025-01-11 11:35:00,S201,0.0,1.32311,103.76714
0,2025-01-11 11:40:00,S201,0.0,1.32311,103.76714
0,2025-01-11 11:45:00,S201,0.0,1.32311,103.76714
0,2025-01-11 11:50:00,S201,0.2,1.32311,103.76714
0,2025-01-11 11:55:00,S201,0.0,1.32311,103.76714
0,2025-01-11 10:00:00,S90,0.0,1.3191,103.8191
0,2025-01-11 10:05:00,S90,0.0,1.3191,103.8191
0,2025-01-11 10:10:00,S90,0.2,1.3191,103.8191
0,2025-01-11 10:15:00,S90,0.0,1.3191,103.8191
0,2025-01-11 10:20:00,S90,0.0,1.3191,103.8191
0,2025-01-11 10:25:00,S90,0.0,1.3191,103.8191
0,2025-01-11 10:30:00,S90,0.0,1.3191,103.8191
0,2025-01-11 10:35:00,S90,0.0,1.3191,103.8191
0,2025-01-11 10:40:00,S90,0.0,1.3191,103.8191
0,2025-01-11 10:45:00,S90,0.0,1.3191,103.8191
0,2025-01-11 10:50:00,S90,0.0,1.3191,103.8191
0,2025-01-11 10:55:00,S90,0.0,1.3191,103.8191
0,2025-01-11 11:00:00,S90,0.0,1.3191,103.8191
0,2025-01-11 11:05:00,S90,0.0,1.3191,103.8191
0,2025-01-11 11:10:00,S90,0.0,1.3191,103.8191
0,2025-01-11 11:15:00,S90,0.0,1.3191,103.8191
0,2025-01-11 11:20:00,S90,0.0,1.3191,103.8191
0,2025-01-11 11:25:00,S90,0.0,1.3191,103.8191
0,2025-01-11 11:30:00,S90,0.0,1.3191,103.8191
0,2025-01-11 11:35:00,S90,0.2,1.3191,103.8191
0,2025-01-11 11:40:00,S90,0.2,1.3191,103.8191
0,2025-01-11 11:45:00,S90,0.2,1.3191,103.8191
0,2025-01-11 11:50:00,S90,0.0,1.3191,103.8191
0,2025-01-11 11:55:00,S90,0.0,1.3191,103.8191
0,2025-01-11 10:00:00,S92,0.2,1.2841,103.7886
0,2025-01-11 10:05:00,S92,0.0,1.2841,103.7886
0,2025-01-11 10:10:00,S92,0.0,1.2841,103.7886
0,2025-01-11 10:15:00,S92,0.2,1.2841,103.7886
0,2025-01-11 10:20:00,S92,0.0,1.2841,103.7886
0,2025-01-11 10:25:00,S92,0.0,1.2841,103.7886
0,2025-01-11 10:30:00,S92,0.0,1.2841,103.7886
0,2025-01-11 10:35:00,S92,0.0,1.2841,103.7886
0,2025-01-11 10:40:00,S92,0.0,1.2841,103.7886
0,2025-01-11 10:45:00,S92,0.0,1.2841,103.7886
0,2025-01-11 10:50:00,S92,0.0,1.2841,103.7886
0,2025-01-11 10:55:00,S92,0.0,1.2841,103.7886
0,2025-01-11 11:00:00,S92,0.0,1.2841,103.7886
0,2025-01-11 11:05:00,S92,0.0,1.2841,103.7886
0,2025-01-11 11:10:00,S92,0.0,1.2841,103.7886
0,2025-01-11 11:15:00,S92,0.0,1.2841,103.7886
0,2025-01-11 11:20:00,S92,0.0,1.2841,103.7886
0,2025-01-11 11:25:00,S92,0.0,1.2841,103.7886
0,2025-01-11 11:30:00,S92,0.0,1.2841,103.7886
0,2025-01-11 11:35:00,S92,0.0,1.2841,103.7886
0,2025-01-11 11:40:00,S92,0.2,1.2841,103.7886
0,2025-01-11 11:45:00,S92,0.0,1.2841,103.7886
0,2025-01-11 11:50:00,S92,0.2,1.2841,103.7886
0,2025-01-11 11:55:00,S92,0.0,1.2841,103.7886
0,2025-01-11 10:00:00,S209,0.0,1.42111,103.84472
0,2025-01-11 10:05:00,S209,0.0,1.42111,103.84472
0,2025-01-11 10:10:00,S209,0.0,1.42111,103.84472
0,2025-01-11 10:15:00,S209,0.0,1.42111,103.84472
0,2025-01-11 10:20:00,S209,0.0,1.42111,103.84472
0,2025-01-11 10:25:00,S209,0.0,1.42111,103.84472
0,2025-01-11 10:30:00,S209,0.0,1.42111,103.84472
0,2025-01-11 10:35:00,S209,0.0,1.42111,103.84472
0,2025-01-11 10:40:00,S209,0.0,1.42111,103.84472
0,2025-01-11 10:45:00,S209,0.0,1.42111,103.84472
0,2025-01-11 10:50:00,S209,0.0,1.42111,103.84472
0,2025-01-11 10:55:00,S209,0.0,1.42111,103.84472
0,2025-01-11 11:00:00,S209,0.0,1.42111,103.84472
0,2025-01-11 11:05:00,S209,0.0,1.42111,103.84472
0,2025-01-11 11:10:00,S209,0.0,1.42111,103.84472
0,2025-01-11 11:15:00,S209,0.202,1.42111,103.84472
0,2025-01-11 11:20:00,S209,0.0,1.42111,103.84472
0,2025-01-11 11:25:00,S209,0.0,1.42111,103.84472
0,2025-01-11 11:30:00,S209,0.0,1.42111,103.84472
0,2025-01-11 11:35:00,S209,0.0,1.42111,103.84472
0,2025-01-11 11:40:00,S209,0.0,1.42111,103.84472
0,2025-01-11 11:45:00,S209,0.0,1.42111,103.84472
0,2025-01-11 11:50:00,S209,0.202,1.42111,103.84472
0,2025-01-11 11:55:00,S209,0.0,1.42111,103.84472
0,2025-01-11 10:00:00,S50,0.2,1.3337,103.7768
0,2025-01-11 10:05:00,S50,0.0,1.3337,103.7768
0,2025-01-11 10:10:00,S50,0.0,1.3337,103.7768
0,2025-01-11 10:15:00,S50,0.2,1.3337,103.7768
0,2025-01-11 10:20:00,S50,0.0,1.3337,103.7768
0,2025-01-11 10:25:00,S50,0.0,1.3337,103.7768
0,2025-01-11 10:30:00,S50,0.0,1.3337,103.7768
0,2025-01-11 10:35:00,S50,0.0,1.3337,103.7768
0,2025-01-11 10:40:00,S50,0.0,1.3337,103.7768
0,2025-01-11 10:45:00,S50,0.0,1.3337,103.7768
0,2025-01-11 10:50:00,S50,0.0,1.3337,103.7768
0,2025-01-11 10:55:00,S50,0.0,1.3337,103.7768
0,2025-01-11 11:00:00,S50,0.0,1.3337,103.7768
0,2025-01-11 11:05:00,S50,0.0,1.3337,103.7768
0,2025-01-11 11:10:00,S50,0.0,1.3337,103.7768
0,2025-01-11 11:15:00,S50,0.0,1.3337,103.7768
0,2025-01-11 11:20:00,S50,0.0,1.3337,103.7768
0,2025-01-11 11:25:00,S50,0.0,1.3337,103.7768
0,2025-01-11 11:30:00,S50,0.0,1.3337,103.7768
0,2025-01-11 11:35:00,S50,0.0,1.3337,103.7768
0,2025-01-11 11:40:00,S50,0.0,1.3337,103.7768
0,2025-01-11 11:45:00,S50,0.2,1.3337,103.7768
0,2025-01-11 11:50:00,S50,0.0,1.3337,103.7768
0,2025-01-11 11:55:00,S50,0.2,1.3337,103.7768
0,2025-01-11 10:00:00,S94,0.0,1.3662,103.9528
0,2025-01-11 10:05:00,S94,0.2,1.3662,103.9528
0,2025-01-11 10:10:00,S94,0.0,1.3662,103.9528
0,2025-01-11 10:15:00,S94,0.0,1.3662,103.9528
0,2025-01-11 10:20:00,S94,0.0,1.3662,103.9528
0,2025-01-11 10:25:00,S94,0.0,1.3662,103.9528
0,2025-01-11 10:30:00,S94,0.2,1.3662,103.9528
0,2025-01-11 10:35:00,S94,0.0,1.3662,103.9528
0,2025-01-11 10:40:00,S94,0.0,1.3662,103.9528
0,2025-01-11 10:45:00,S94,0.0,1.3662,103.9528
0,2025-01-11 10:50:00,S94,0.0,1.3662,103.9528
0,2025-01-11 10:55:00,S94,0.0,1.3662,103.9528
0,2025-01-11 11:00:00,S94,0.2,1.3662,103.9528
0,2025-01-11 11:05:00,S94,0.2,1.3662,103.9528
0,2025-01-11 11:10:00,S94,0.2,1.3662,103.9528
0,2025-01-11 11:15:00,S94,0.8,1.3662,103.9528
0,2025-01-11 11:20:00,S94,0.2,1.3662,103.9528
0,2025-01-11 11:25:00,S94,0.2,1.3662,103.9528
0,2025-01-11 11:30:00,S94,0.0,1.3662,103.9528
0,2025-01-11 11:35:00,S94,0.2,1.3662,103.9528
0,2025-01-11 11:40:00,S94,0.2,1.3662,103.9528
0,2025-01-11 11:45:00,S94,0.6,1.3662,103.9528
0,2025-01-11 11:50:00,S94,0.2,1.3662,103.9528
0,2025-01-11 11:55:00,S94,0.2,1.3662,103.9528
0,2025-01-11 10:00:00,S210,0.0,1.44003,103.76904
0,2025-01-11 10:05:00,S210,0.0,1.44003,103.76904
0,2025-01-11 10:10:00,S210,0.0,1.44003,103.76904
0,2025-01-11 10:15:00,S210,0.0,1.44003,103.76904
0,2025-01-11 10:20:00,S210,0.0,1.44003,103.76904
0,2025-01-11 10:25:00,S210,0.0,1.44003,103.76904
0,2025-01-11 10:30:00,S210,0.0,1.44003,103.76904
0,2025-01-11 10:35:00,S210,0.0,1.44003,103.76904
0,2025-01-11 10:40:00,S210,0.0,1.44003,103.76904
0,2025-01-11 10:45:00,S210,0.0,1.44003,103.76904
0,2025-01-11 10:50:00,S210,0.0,1.44003,103.76904
0,2025-01-11 10:55:00,S210,0.0,1.44003,103.76904
0,2025-01-11 11:00:00,S210,0.0,1.44003,103.76904
0,2025-01-11 11:05:00,S210,0.0,1.44003,103.76904
0,2025-01-11 11:10:00,S210,0.201,1.44003,103.76904
0,2025-01-11 11:15:00,S210,0.0,1.44003,103.76904
0,2025-01-11 11:20:00,S210,0.0,1.44003,103.76904
0,2025-01-11 11:25:00,S210,0.0,1.44003,103.76904
0,2025-01-11 11:30:00,S210,0.0,1.44003,103.76904
0,2025-01-11 11:35:00,S210,0.0,1.44003,103.76904
0,2025-01-11 11:40:00,S210,0.0,1.44003,103.76904
0,2025-01-11 11:45:00,S210,0.0,1.44003,103.76904
0,2025-01-11 11:50:00,S210,0.201,1.44003,103.76904
0,2025-01-11 11:55:00,S210,0.0,1.44003,103.76904
0,2025-01-11 10:00:00,S211,0.0,1.42918,103.75711
0,2025-01-11 10:05:00,S211,0.0,1.42918,103.75711
0,2025-01-11 10:10:00,S211,0.0,1.42918,103.75711
0,2025-01-11 10:15:00,S211,0.0,1.42918,103.75711
0,2025-01-11 10:20:00,S211,0.0,1.42918,103.75711
0,2025-01-11 10:25:00,S211,0.0,1.42918,103.75711
0,2025-01-11 10:30:00,S211,0.0,1.42918,103.75711
0,2025-01-11 10:35:00,S211,0.0,1.42918,103.75711
0,2025-01-11 10:40:00,S211,0.0,1.42918,103.75711
0,2025-01-11 10:45:00,S211,0.0,1.42918,103.75711
0,2025-01-11 10:50:00,S211,0.0,1.42918,103.75711
0,2025-01-11 10:55:00,S211,0.0,1.42918,103.75711
0,2025-01-11 11:00:00,S211,0.0,1.42918,103.75711
0,2025-01-11 11:05:00,S211,0.0,1.42918,103.75711
0,2025-01-11 11:10:00,S211,0.0,1.42918,103.75711
0,2025-01-11 11:15:00,S211,0.0,1.42918,103.75711
0,2025-01-11 11:20:00,S211,0.0,1.42918,103.75711
0,2025-01-11 11:25:00,S211,0.0,1.42918,103.75711
0,2025-01-11 11:30:00,S211,0.0,1.42918,103.75711
0,2025-01-11 11:35:00,S211,0.0,1.42918,103.75711
0,2025-01-11 11:40:00,S211,0.0,1.42918,103.75711
0,2025-01-11 11:45:00,S211,0.0,1.42918,103.75711
0,2025-01-11 11:50:00,S211,0.203,1.42918,103.75711
0,2025-01-11 11:55:00,S211,0.0,1.42918,103.75711
0,2025-01-11 10:00:00,S119,0.0,1.30105,103.8666
0,2025-01-11 10:05:00,S119,0.6,1.30105,103.8666
0,2025-01-11 10:10:00,S119,0.0,1.30105,103.8666
0,2025-01-11 10:15:00,S119,0.0,1.30105,103.8666
0,2025-01-11 10:20:00,S119,0.0,1.30105,103.8666
0,2025-01-11 10:25:00,S119,0.2,1.30105,103.8666
0,2025-01-11 10:30:00,S119,0.2,1.30105,103.8666
0,2025-01-11 10:35:00,S119,0.0,1.30105,103.8666
0,2025-01-11 10:40:00,S119,0.2,1.30105,103.8666
0,2025-01-11 10:45:00,S119,0.0,1.30105,103.8666
0,2025-01-11 10:50:00,S119,0.0,1.30105,103.8666
0,2025-01-11 10:55:00,S119,0.0,1.30105,103.8666
0,2025-01-11 11:00:00,S119,0.0,1.30105,103.8666
0,2025-01-11 11:05:00,S119,0.0,1.30105,103.8666
0,2025-01-11 11:10:00,S119,0.0,1.30105,103.8666
0,2025-01-11 11:15:00,S119,0.0,1.30105,103.8666
0,2025-01-11 11:20:00,S119,0.0,1.30105,103.8666
0,2025-01-11 11:25:00,S119,0.0,1.30105,103.8666
0,2025-01-11 11:30:00,S119,0.8,1.30105,103.8666
0,2025-01-11 11:35:00,S119,0.0,1.30105,103.8666
0,2025-01-11 11:40:00,S119,0.2,1.30105,103.8666
0,2025-01-11 11:45:00,S119,0.2,1.30105,103.8666
0,2025-01-11 11:50:00,S119,0.2,1.30105,103.8666
0,2025-01-11 11:55:00,S119,0.2,1.30105,103.8666
0,2025-01-11 10:00:00,S117,0.0,1.256,103.679
0,2025-01-11 10:05:00,S117,0.0,1.256,103.679
0,2025-01-11 10:10:00,S117,0.0,1.256,103.679
0,2025-01-11 10:15:00,S117,0.0,1.256,103.679
0,2025-01-11 10:20:00,S117,0.2,1.256,103.679
0,2025-01-11 10:25:00,S117,0.0,1.256,103.679
0,2025-01-11 10:30:00,S117,0.0,1.256,103.679
0,2025-01-11 10:35:00,S117,0.0,1.256,103.679
0,2025-01-11 10:40:00,S117,0.0,1.256,103.679
0,2025-01-11 10:45:00,S117,0.0,1.256,103.679
0,2025-01-11 10:50:00,S117,0.0,1.256,103.679
0,2025-01-11 10:55:00,S117,0.0,1.256,103.679
0,2025-01-11 11:00:00,S117,0.0,1.256,103.679
0,2025-01-11 11:05:00,S117,0.0,1.256,103.679
0,2025-01-11 11:10:00,S117,0.0,1.256,103.679
0,2025-01-11 11:15:00,S117,0.0,1.256,103.679
0,2025-01-11 11:20:00,S117,0.0,1.256,103.679
0,2025-01-11 11:25:00,S117,0.0,1.256,103.679
0,2025-01-11 11:30:00,S117,0.0,1.256,103.679
0,2025-01-11 11:35:00,S117,0.0,1.256,103.679
0,2025-01-11 11:40:00,S117,0.0,1.256,103.679
0,2025-01-11 11:45:00,S117,0.0,1.256,103.679
0,2025-01-11 11:50:00,S117,0.0,1.256,103.679
0,2025-01-11 11:55:00,S117,0.0,1.256,103.679
0,2025-01-11 10:00:00,S115,0.2,1.29377,103.61843
0,2025-01-11 10:05:00,S115,0.0,1.29377,103.61843
0,2025-01-11 10:10:00,S115,0.2,1.29377,103.61843
0,2025-01-11 10:15:00,S115,0.0,1.29377,103.61843
0,2025-01-11 10:20:00,S115,0.0,1.29377,103.61843
0,2025-01-11 10:25:00,S115,0.0,1.29377,103.61843
0,2025-01-11 10:30:00,S115,0.0,1.29377,103.61843
0,2025-01-11 10:35:00,S115,0.0,1.29377,103.61843
0,2025-01-11 10:40:00,S115,0.0,1.29377,103.61843
0,2025-01-11 10:45:00,S115,0.2,1.29377,103.61843
0,2025-01-11 10:50:00,S115,0.0,1.29377,103.61843
0,2025-01-11 10:55:00,S115,0.0,1.29377,103.61843
0,2025-01-11 11:00:00,S115,0.0,1.29377,103.61843
0,2025-01-11 11:05:00,S115,0.0,1.29377,103.61843
0,2025-01-11 11:10:00,S115,0.0,1.29377,103.61843
0,2025-01-11 11:15:00,S115,0.0,1.29377,103.61843
0,2025-01-11 11:20:00,S115,0.0,1.29377,103.61843
0,2025-01-11 11:25:00,S115,0.0,1.29377,103.61843
0,2025-01-11 11:30:00,S115,0.0,1.29377,103.61843
0,2025-01-11 11:35:00,S115,0.0,1.29377,103.61843
0,2025-01-11 11:40:00,S115,0.0,1.29377,103.61843
0,2025-01-11 11:45:00,S115,0.0,1.29377,103.61843
0,2025-01-11 11:50:00,S115,0.2,1.29377,103.61843
0,2025-01-11 11:55:00,S115,0.0,1.29377,103.61843
0,2025-01-11 10:00:00,S116,0.0,1.281,103.754
0,2025-01-11 10:05:00,S116,0.0,1.281,103.754
0,2025-01-11 10:10:00,S116,0.4,1.281,103.754
0,2025-01-11 10:15:00,S116,0.0,1.281,103.754
0,2025-01-11 10:20:00,S116,0.0,1.281,103.754
0,2025-01-11 10:25:00,S116,0.0,1.281,103.754
0,2025-01-11 10:30:00,S116,0.0,1.281,103.754
0,2025-01-11 10:35:00,S116,0.0,1.281,103.754
0,2025-01-11 10:40:00,S116,0.0,1.281,103.754
0,2025-01-11 10:45:00,S116,0.0,1.281,103.754
0,2025-01-11 10:50:00,S116,0.0,1.281,103.754
0,2025-01-11 10:55:00,S116,0.0,1.281,103.754
0,2025-01-11 11:00:00,S116,0.0,1.281,103.754
0,2025-01-11 11:05:00,S116,0.0,1.281,103.754
0,2025-01-11 11:10:00,S116,0.0,1.281,103.754
0,2025-01-11 11:15:00,S116,0.0,1.281,103.754
0,2025-01-11 11:20:00,S116,0.0,1.281,103.754
0,2025-01-11 11:25:00,S116,0.0,1.281,103.754
0,2025-01-11 11:30:00,S116,0.0,1.281,103.754
0,2025-01-11 11:35:00,S116,0.0,1.281,103.754
0,2025-01-11 11:40:00,S116,0.0,1.281,103.754
0,2025-01-11 11:45:00,S116,0.0,1.281,103.754
0,2025-01-11 11:50:00,S116,0.0,1.281,103.754
0,2025-01-11 11:55:00,S116,0.0,1.281,103.754
0,2025-01-11 10:00:00,S113,0.0,1.30648,103.9104
0,2025-01-11 10:05:00,S113,0.0,1.30648,103.9104
0,2025-01-11 10:10:00,S113,0.2,1.30648,103.9104
0,2025-01-11 10:15:00,S113,0.0,1.30648,103.9104
0,2025-01-11 10:20:00,S113,0.4,1.30648,103.9104
0,2025-01-11 10:25:00,S113,0.2,1.30648,103.9104
0,2025-01-11 10:30:00,S113,0.0,1.30648,103.9104
0,2025-01-11 10:35:00,S113,0.2,1.30648,103.9104
0,2025-01-11 10:40:00,S113,0.0,1.30648,103.9104
0,2025-01-11 10:45:00,S113,0.0,1.30648,103.9104
0,2025-01-11 10:50:00,S113,0.2,1.30648,103.9104
0,2025-01-11 10:55:00,S113,0.2,1.30648,103.9104
0,2025-01-11 11:00:00,S113,0.0,1.30648,103.9104
0,2025-01-11 11:05:00,S113,0.0,1.30648,103.9104
0,2025-01-11 11:10:00,S113,0.2,1.30648,103.9104
0,2025-01-11 11:15:00,S113,0.4,1.30648,103.9104
0,2025-01-11 11:20:00,S113,0.8,1.30648,103.9104
0,2025-01-11 11:25:00,S113,0.8,1.30648,103.9104
0,2025-01-11 11:30:00,S113,0.2,1.30648,103.9104
0,2025-01-11 11:35:00,S113,0.2,1.30648,103.9104
0,2025-01-11 11:40:00,S113,0.2,1.30648,103.9104
0,2025-01-11 11:45:00,S113,0.2,1.30648,103.9104
0,2025-01-11 11:50:00,S113,0.4,1.30648,103.9104
0,2025-01-11 11:55:00,S113,0.4,1.30648,103.9104
0,2025-01-11 10:00:00,S60,0.2,1.25,103.8279
0,2025-01-11 10:05:00,S60,0.0,1.25,103.8279
0,2025-01-11 10:10:00,S60,0.2,1.25,103.8279
0,2025-01-11 10:15:00,S60,0.0,1.25,103.8279
0,2025-01-11 10:20:00,S60,0.0,1.25,103.8279
0,2025-01-11 10:25:00,S60,0.0,1.25,103.8279
0,2025-01-11 10:30:00,S60,0.2,1.25,103.8279
0,2025-01-11 10:35:00,S60,0.0,1.25,103.8279
0,2025-01-11 10:40:00,S60,0.0,1.25,103.8279
0,2025-01-11 10:45:00,S60,0.0,1.25,103.8279
0,2025-01-11 10:50:00,S60,0.0,1.25,103.8279
0,2025-01-11 10:55:00,S60,0.0,1.25,103.8279
0,2025-01-11 11:00:00,S60,0.0,1.25,103.8279
0,2025-01-11 11:05:00,S60,0.0,1.25,103.8279
0,2025-01-11 11:10:00,S60,0.0,1.25,103.8279
0,2025-01-11 11:15:00,S60,0.0,1.25,103.8279
0,2025-01-11 11:20:00,S60,0.0,1.25,103.8279
0,2025-01-11 11:25:00,S60,0.0,1.25,103.8279
0,2025-01-11 11:30:00,S60,0.0,1.25,103.8279
0,2025-01-11 11:35:00,S60,0.2,1.25,103.8279
0,2025-01-11 11:40:00,S60,0.2,1.25,103.8279
0,2025-01-11 11:45:00,S60,0.2,1.25,103.8279
0,2025-01-11 11:50:00,S60,0.0,1.25,103.8279
0,2025-01-11 11:55:00,S60,0.0,1.25,103.8279
0,2025-01-11 10:00:00,S64,0.0,1.3824,103.7603
0,2025-01-11 10:05:00,S64,0.0,1.3824,103.7603
0,2025-01-11 10:10:00,S64,0.0,1.3824,103.7603
0,2025-01-11 10:15:00,S64,0.0,1.3824,103.7603
0,2025-01-11 10:20:00,S64,0.0,1.3824,103.7603
0,2025-01-11 10:25:00,S64,0.0,1.3824,103.7603
0,2025-01-11 10:30:00,S64,0.0,1.3824,103.7603
0,2025-01-11 10:35:00,S64,0.0,1.3824,103.7603
0,2025-01-11 10:40:00,S64,0.2,1.3824,103.7603
0,2025-01-11 10:45:00,S64,0.0,1.3824,103.7603
0,2025-01-11 10:50:00,S64,0.0,1.3824,103.7603
0,2025-01-11 10:55:00,S64,0.0,1.3824,103.7603
0,2025-01-11 11:00:00,S64,0.2,1.3824,103.7603
0,2025-01-11 11:05:00,S64,0.2,1.3824,103.7603
0,2025-01-11 11:10:00,S64,0.0,1.3824,103.7603
0,2025-01-11 11:15:00,S64,0.0,1.3824,103.7603
0,2025-01-11 11:20:00,S64,0.0,1.3824,103.7603
0,2025-01-11 11:25:00,S64,0.0,1.3824,103.7603
0,2025-01-11 11:30:00,S64,0.0,1.3824,103.7603
0,2025-01-11 11:35:00,S64,0.0,1.3824,103.7603
0,2025-01-11 11:40:00,S64,0.0,1.3824,103.7603
0,2025-01-11 11:45:00,S64,0.0,1.3824,103.7603
0,2025-01-11 11:50:00,S64,0.0,1.3824,103.7603
0,2025-01-11 11:55:00,S64,0.2,1.3824,103.7603
0,2025-01-11 10:00:00,S66,0.0,1.4387,103.7363
0,2025-01-11 10:05:00,S66,0.0,1.4387,103.7363
0,2025-01-11 10:10:00,S66,0.0,1.4387,103.7363
0,2025-01-11 10:15:00,S66,0.0,1.4387,103.7363
0,2025-01-11 10:20:00,S66,0.0,1.4387,103.7363
0,2025-01-11 10:25:00,S66,0.0,1.4387,103.7363
0,2025-01-11 10:30:00,S66,0.0,1.4387,103.7363
0,2025-01-11 10:35:00,S66,0.0,1.4387,103.7363
0,2025-01-11 10:40:00,S66,0.0,1.4387,103.7363
0,2025-01-11 10:45:00,S66,0.0,1.4387,103.7363
0,2025-01-11 10:50:00,S66,0.0,1.4387,103.7363
0,2025-01-11 10:55:00,S66,0.0,1.4387,103.7363
0,2025-01-11 11:00:00,S66,0.0,1.4387,103.7363
0,2025-01-11 11:05:00,S66,0.0,1.4387,103.7363
0,2025-01-11 11:10:00,S66,0.0,1.4387,103.7363
0,2025-01-11 11:15:00,S66,0.0,1.4387,103.7363
0,2025-01-11 11:20:00,S66,0.0,1.4387,103.7363
0,2025-01-11 11:25:00,S66,0.0,1.4387,103.7363
0,2025-01-11 11:30:00,S66,0.0,1.4387,103.7363
0,2025-01-11 11:35:00,S66,0.0,1.4387,103.7363
0,2025-01-11 11:40:00,S66,0.0,1.4387,103.7363
0,2025-01-11 11:45:00,S66,0.0,1.4387,103.7363
0,2025-01-11 11:50:00,S66,0.0,1.4387,103.7363
0,2025-01-11 11:55:00,S66,0.0,1.4387,103.7363
0,2025-01-11 10:50:00,S24,0.0,1.3678,103.9826
0,2025-01-11 10:55:00,S24,0.0,1.3678,103.9826
0,2025-01-11 11:00:00,S24,1.0,1.3678,103.9826
0,2025-01-11 11:05:00,S24,1.0,1.3678,103.9826
0,2025-01-11 11:10:00,S24,0.4,1.3678,103.9826
0,2025-01-11 11:15:00,S24,0.2,1.3678,103.9826
0,2025-01-11 11:20:00,S24,0.6,1.3678,103.9826
0,2025-01-11 11:25:00,S24,0.6,1.3678,103.9826
0,2025-01-11 11:35:00,S24,0.4,1.3678,103.9826
0,2025-01-11 11:40:00,S24,0.4,1.3678,103.9826
0,2025-01-11 11:45:00,S24,1.6,1.3678,103.9826
0,2025-01-11 11:50:00,S24,0.8,1.3678,103.9826
0,2025-01-11 11:55:00,S24,2.0,1.3678,103.9826
0,2025-01-11 10:00:00,S69,0.0,1.37,103.805
0,2025-01-11 10:05:00,S69,0.0,1.37,103.805
0,2025-01-11 10:10:00,S69,0.0,1.37,103.805
0,2025-01-11 10:15:00,S69,0.0,1.37,103.805
0,2025-01-11 10:20:00,S69,0.0,1.37,103.805
0,2025-01-11 10:25:00,S69,0.0,1.37,103.805
0,2025-01-11 10:30:00,S69,0.0,1.37,103.805
0,2025-01-11 10:35:00,S69,0.0,1.37,103.805
0,2025-01-11 10:40:00,S69,0.2,1.37,103.805
0,2025-01-11 10:45:00,S69,0.0,1.37,103.805
0,2025-01-11 10:50:00,S69,0.0,1.37,103.805
0,2025-01-11 10:55:00,S69,0.0,1.37,103.805
0,2025-01-11 11:00:00,S69,0.0,1.37,103.805
0,2025-01-11 11:05:00,S69,0.0,1.37,103.805
0,2025-01-11 11:10:00,S69,0.0,1.37,103.805
0,2025-01-11 11:15:00,S69,0.0,1.37,103.805
0,2025-01-11 11:20:00,S69,0.0,1.37,103.805
0,2025-01-11 11:25:00,S69,0.0,1.37,103.805
0,2025-01-11 11:30:00,S69,0.0,1.37,103.805
0,2025-01-11 11:35:00,S69,0.2,1.37,103.805
0,2025-01-11 11:40:00,S69,0.0,1.37,103.805
0,2025-01-11 11:45:00,S69,0.0,1.37,103.805
0,2025-01-11 11:50:00,S69,0.2,1.37,103.805
0,2025-01-11 11:55:00,S69,0.2,1.37,103.805
0,2025-01-11 10:00:00,S123,0.0,1.3214,103.8577
0,2025-01-11 10:05:00,S123,0.0,1.3214,103.8577
0,2025-01-11 10:10:00,S123,0.0,1.3214,103.8577
0,2025-01-11 10:15:00,S123,0.0,1.3214,103.8577
0,2025-01-11 10:20:00,S123,0.0,1.3214,103.8577
0,2025-01-11 10:25:00,S123,0.4,1.3214,103.8577
0,2025-01-11 10:30:00,S123,0.0,1.3214,103.8577
0,2025-01-11 10:35:00,S123,0.2,1.3214,103.8577
0,2025-01-11 10:40:00,S123,0.0,1.3214,103.8577
0,2025-01-11 10:45:00,S123,0.0,1.3214,103.8577
0,2025-01-11 10:50:00,S123,0.0,1.3214,103.8577
0,2025-01-11 10:55:00,S123,0.0,1.3214,103.8577
0,2025-01-11 11:00:00,S123,0.0,1.3214,103.8577
0,2025-01-11 11:05:00,S123,0.0,1.3214,103.8577
0,2025-01-11 11:10:00,S123,0.0,1.3214,103.8577
0,2025-01-11 11:15:00,S123,0.0,1.3214,103.8577
0,2025-01-11 11:20:00,S123,0.0,1.3214,103.8577
0,2025-01-11 11:25:00,S123,0.0,1.3214,103.8577
0,2025-01-11 11:30:00,S123,0.4,1.3214,103.8577
0,2025-01-11 11:35:00,S123,0.2,1.3214,103.8577
0,2025-01-11 11:40:00,S123,0.0,1.3214,103.8577
0,2025-01-11 11:45:00,S123,0.2,1.3214,103.8577
0,2025-01-11 11:50:00,S123,0.2,1.3214,103.8577
0,2025-01-11 11:55:00,S123,0.0,1.3214,103.8577
0,2025-01-11 10:00:00,S29,0.0,1.387,103.935
0,2025-01-11 10:05:00,S29,0.0,1.387,103.935
0,2025-01-11 10:10:00,S29,0.2,1.387,103.935
0,2025-01-11 10:15:00,S29,0.0,1.387,103.935
0,2025-01-11 10:20:00,S29,0.0,1.387,103.935
0,2025-01-11 10:25:00,S29,0.0,1.387,103.935
0,2025-01-11 10:30:00,S29,0.2,1.387,103.935
0,2025-01-11 10:35:00,S29,0.0,1.387,103.935
0,2025-01-11 10:40:00,S29,0.0,1.387,103.935
0,2025-01-11 10:45:00,S29,0.0,1.387,103.935
0,2025-01-11 10:50:00,S29,0.0,1.387,103.935
0,2025-01-11 10:55:00,S29,0.0,1.387,103.935
0,2025-01-11 11:00:00,S29,0.0,1.387,103.935
0,2025-01-11 11:05:00,S29,0.0,1.387,103.935
0,2025-01-11 11:10:00,S29,0.2,1.387,103.935
0,2025-01-11 11:15:00,S29,0.6,1.387,103.935
0,2025-01-11 11:20:00,S29,0.0,1.387,103.935
0,2025-01-11 11:25:00,S29,0.0,1.387,103.935
0,2025-01-11 11:30:00,S29,0.2,1.387,103.935
0,2025-01-11 11:35:00,S29,0.0,1.387,103.935
0,2025-01-11 11:40:00,S29,0.4,1.387,103.935
0,2025-01-11 11:45:00,S29,0.2,1.387,103.935
0,2025-01-11 11:50:00,S29,0.2,1.387,103.935
0,2025-01-11 11:55:00,S29,0.2,1.387,103.935
0,2025-01-11 10:00:00,S121,0.0,1.37288,103.72244
0,2025-01-11 10:05:00,S121,0.2,1.37288,103.72244
0,2025-01-11 10:10:00,S121,0.0,1.37288,103.72244
0,2025-01-11 10:15:00,S121,0.0,1.37288,103.72244
0,2025-01-11 10:20:00,S121,0.0,1.37288,103.72244
0,2025-01-11 10:25:00,S121,0.0,1.37288,103.72244
0,2025-01-11 10:30:00,S121,0.0,1.37288,103.72244
0,2025-01-11 10:35:00,S121,0.0,1.37288,103.72244
0,2025-01-11 10:40:00,S121,0.0,1.37288,103.72244
0,2025-01-11 10:45:00,S121,0.0,1.37288,103.72244
0,2025-01-11 10:50:00,S121,0.0,1.37288,103.72244
0,2025-01-11 10:55:00,S121,0.0,1.37288,103.72244
0,2025-01-11 11:00:00,S121,0.0,1.37288,103.72244
0,2025-01-11 11:05:00,S121,0.0,1.37288,103.72244
0,2025-01-11 11:10:00,S121,0.0,1.37288,103.72244
0,2025-01-11 11:15:00,S121,0.0,1.37288,103.72244
0,2025-01-11 11:20:00,S121,0.0,1.37288,103.72244
0,2025-01-11 11:25:00,S121,0.0,1.37288,103.72244
0,2025-01-11 11:30:00,S121,0.0,1.37288,103.72244
0,2025-01-11 11:35:00,S121,0.0,1.37288,103.72244
0,2025-01-11 11:40:00,S121,0.0,1.37288,103.72244
0,2025-01-11 11:45:00,S121,0.0,1.37288,103.72244
0,2025-01-11 11:50:00,S121,0.0,1.37288,103.72244
0,2025-01-11 11:55:00,S121,0.2,1.37288,103.72244
0,2025-01-11 10:00:00,S229,0.203,1.35167,103.72195
0,2025-01-11 10:05:00,S229,0.0,1.35167,103.72195
0,2025-01-11 10:10:00,S229,0.0,1.35167,103.72195
0,2025-01-11 10:15:00,S229,0.0,1.35167,103.72195
0,2025-01-11 10:20:00,S229,0.0,1.35167,103.72195
0,2025-01-11 10:25:00,S229,0.0,1.35167,103.72195
0,2025-01-11 10:30:00,S229,0.0,1.35167,103.72195
0,2025-01-11 10:35:00,S229,0.0,1.35167,103.72195
0,2025-01-11 10:40:00,S229,0.0,1.35167,103.72195
0,2025-01-11 10:45:00,S229,0.0,1.35167,103.72195
0,2025-01-11 10:50:00,S229,0.0,1.35167,103.72195
0,2025-01-11 10:55:00,S229,0.0,1.35167,103.72195
0,2025-01-11 11:00:00,S229,0.0,1.35167,103.72195
0,2025-01-11 11:05:00,S229,0.0,1.35167,103.72195
0,2025-01-11 11:10:00,S229,0.0,1.35167,103.72195
0,2025-01-11 11:15:00,S229,0.0,1.35167,103.72195
0,2025-01-11 11:20:00,S229,0.0,1.35167,103.72195
0,2025-01-11 11:25:00,S229,0.0,1.35167,103.72195
0,2025-01-11 11:30:00,S229,0.0,1.35167,103.72195
0,2025-01-11 11:35:00,S229,0.0,1.35167,103.72195
0,2025-01-11 11:40:00,S229,0.0,1.35167,103.72195
0,2025-01-11 11:45:00,S229,0.0,1.35167,103.72195
0,2025-01-11 11:50:00,S229,0.0,1.35167,103.72195
0,2025-01-11 11:55:00,S229,0.0,1.35167,103.72195
0,2025-01-11 10:00:00,S900,0.0,1.41284,103.86922
0,2025-01-11 10:05:00,S900,0.0,1.41284,103.86922
0,2025-01-11 10:10:00,S900,0.0,1.41284,103.86922
0,2025-01-11 10:15:00,S900,0.0,1.41284,103.86922
0,2025-01-11 10:20:00,S900,0.0,1.41284,103.86922
0,2025-01-11 10:25:00,S900,0.0,1.41284,103.86922
0,2025-01-11 10:30:00,S900,0.0,1.41284,103.86922
0,2025-01-11 10:35:00,S900,0.0,1.41284,103.86922
0,2025-01-11 10:40:00,S900,0.0,1.41284,103.86922
0,2025-01-11 10:45:00,S900,0.0,1.41284,103.86922
0,2025-01-11 10:50:00,S900,0.0,1.41284,103.86922
0,2025-01-11 10:55:00,S900,0.0,1.41284,103.86922
0,2025-01-11 11:00:00,S900,0.0,1.41284,103.86922
0,2025-01-11 11:05:00,S900,0.0,1.41284,103.86922
0,2025-01-11 11:10:00,S900,0.0,1.41284,103.86922
0,2025-01-11 11:15:00,S900,0.0,1.41284,103.86922
0,2025-01-11 11:20:00,S900,0.0,1.41284,103.86922
0,2025-01-11 11:25:00,S900,0.0,1.41284,103.86922
0,2025-01-11 11:30:00,S900,0.0,1.41284,103.86922
0,2025-01-11 11:35:00,S900,0.0,1.41284,103.86922
0,2025-01-11 11:40:00,S900,0.0,1.41284,103.86922
0,2025-01-11 11:45:00,S900,0.2,1.41284,103.86922
0,2025-01-11 11:50:00,S900,0.2,1.41284,103.86922
0,2025-01-11 11:55:00,S900,0.0,1.41284,103.86922
0,2025-01-11 10:00:00,S109,0.0,1.3764,103.8492
0,2025-01-11 10:05:00,S109,0.0,1.3764,103.8492
0,2025-01-11 10:10:00,S109,0.0,1.3764,103.8492
0,2025-01-11 10:15:00,S109,0.0,1.3764,103.8492
0,2025-01-11 10:20:00,S109,0.0,1.3764,103.8492
0,2025-01-11 10:25:00,S109,0.0,1.3764,103.8492
0,2025-01-11 10:30:00,S109,0.0,1.3764,103.8492
0,2025-01-11 10:35:00,S109,0.0,1.3764,103.8492
0,2025-01-11 10:40:00,S109,0.0,1.3764,103.8492
0,2025-01-11 10:45:00,S109,0.0,1.3764,103.8492
0,2025-01-11 10:50:00,S109,0.0,1.3764,103.8492
0,2025-01-11 10:55:00,S109,0.0,1.3764,103.8492
0,2025-01-11 11:00:00,S109,0.0,1.3764,103.8492
0,2025-01-11 11:05:00,S109,0.0,1.3764,103.8492
0,2025-01-11 11:10:00,S109,0.0,1.3764,103.8492
0,2025-01-11 11:15:00,S109,0.0,1.3764,103.8492
0,2025-01-11 11:20:00,S109,0.0,1.3764,103.8492
0,2025-01-11 11:25:00,S109,0.0,1.3764,103.8492
0,2025-01-11 11:30:00,S109,0.2,1.3764,103.8492
0,2025-01-11 11:35:00,S109,0.0,1.3764,103.8492
0,2025-01-11 11:40:00,S109,0.0,1.3764,103.8492
0,2025-01-11 11:45:00,S109,0.0,1.3764,103.8492
0,2025-01-11 11:50:00,S109,0.2,1.3764,103.8492
0,2025-01-11 11:55:00,S109,0.2,1.3764,103.8492
0,2025-01-11 10:00:00,S106,0.0,1.4168,103.9673
0,2025-01-11 10:05:00,S106,0.0,1.4168,103.9673
0,2025-01-11 10:10:00,S106,0.0,1.4168,103.9673
0,2025-01-11 10:15:00,S106,0.0,1.4168,103.9673
0,2025-01-11 10:20:00,S106,0.0,1.4168,103.9673
0,2025-01-11 10:25:00,S106,0.2,1.4168,103.9673
0,2025-01-11 10:30:00,S106,0.0,1.4168,103.9673
0,2025-01-11 10:35:00,S106,0.0,1.4168,103.9673
0,2025-01-11 10:40:00,S106,0.0,1.4168,103.9673
0,2025-01-11 10:45:00,S106,0.0,1.4168,103.9673
0,2025-01-11 10:50:00,S106,0.2,1.4168,103.9673
0,2025-01-11 10:55:00,S106,0.2,1.4168,103.9673
0,2025-01-11 11:00:00,S106,0.0,1.4168,103.9673
0,2025-01-11 11:05:00,S106,0.0,1.4168,103.9673
0,2025-01-11 11:10:00,S106,0.6,1.4168,103.9673
0,2025-01-11 11:15:00,S106,0.0,1.4168,103.9673
0,2025-01-11 11:20:00,S106,0.2,1.4168,103.9673
0,2025-01-11 11:25:00,S106,0.2,1.4168,103.9673
0,2025-01-11 11:30:00,S106,0.0,1.4168,103.9673
0,2025-01-11 11:35:00,S106,0.2,1.4168,103.9673
0,2025-01-11 11:40:00,S106,0.2,1.4168,103.9673
0,2025-01-11 11:45:00,S106,0.4,1.4168,103.9673
0,2025-01-11 11:50:00,S106,0.2,1.4168,103.9673
0,2025-01-11 11:55:00,S106,0.2,1.4168,103.9673
0,2025-01-11 10:00:00,S227,0.0,1.43944,103.80389
0,2025-01-11 10:05:00,S227,0.0,1.43944,103.80389
0,2025-01-11 10:10:00,S227,0.0,1.43944,103.80389
0,2025-01-11 10:15:00,S227,0.0,1.43944,103.80389
0,2025-01-11 10:20:00,S227,0.0,1.43944,103.80389
0,2025-01-11 10:25:00,S227,0.202,1.43944,103.80389
0,2025-01-11 10:30:00,S227,0.0,1.43944,103.80389
0,2025-01-11 10:35:00,S227,0.0,1.43944,103.80389
0,2025-01-11 10:40:00,S227,0.0,1.43944,103.80389
0,2025-01-11 10:45:00,S227,0.0,1.43944,103.80389
0,2025-01-11 10:50:00,S227,0.0,1.43944,103.80389
0,2025-01-11 10:55:00,S227,0.0,1.43944,103.80389
0,2025-01-11 11:00:00,S227,0.0,1.43944,103.80389
0,2025-01-11 11:05:00,S227,0.0,1.43944,103.80389
0,2025-01-11 11:10:00,S227,0.0,1.43944,103.80389
0,2025-01-11 11:15:00,S227,0.0,1.43944,103.80389
0,2025-01-11 11:20:00,S227,0.0,1.43944,103.80389
0,2025-01-11 11:25:00,S227,0.0,1.43944,103.80389
0,2025-01-11 11:30:00,S227,0.0,1.43944,103.80389
0,2025-01-11 11:35:00,S227,0.0,1.43944,103.80389
0,2025-01-11 11:40:00,S227,0.0,1.43944,103.80389
0,2025-01-11 11:45:00,S227,0.404,1.43944,103.80389
0,2025-01-11 11:50:00,S227,0.202,1.43944,103.80389
0,2025-01-11 11:55:00,S227,0.0,1.43944,103.80389
0,2025-01-11 10:00:00,S107,0.0,1.3135,103.9625
0,2025-01-11 10:05:00,S107,0.0,1.3135,103.9625
0,2025-01-11 10:10:00,S107,0.2,1.3135,103.9625
0,2025-01-11 10:15:00,S107,0.0,1.3135,103.9625
0,2025-01-11 10:20:00,S107,0.0,1.3135,103.9625
0,2025-01-11 10:25:00,S107,0.0,1.3135,103.9625
0,2025-01-11 10:30:00,S107,0.0,1.3135,103.9625
0,2025-01-11 10:35:00,S107,0.0,1.3135,103.9625
0,2025-01-11 10:40:00,S107,0.0,1.3135,103.9625
0,2025-01-11 10:45:00,S107,0.0,1.3135,103.9625
0,2025-01-11 10:50:00,S107,0.0,1.3135,103.9625
0,2025-01-11 10:55:00,S107,0.0,1.3135,103.9625
0,2025-01-11 11:00:00,S107,0.4,1.3135,103.9625
0,2025-01-11 11:05:00,S107,0.4,1.3135,103.9625
0,2025-01-11 11:10:00,S107,2.6,1.3135,103.9625
0,2025-01-11 11:15:00,S107,1.2,1.3135,103.9625
0,2025-01-11 11:20:00,S107,0.6,1.3135,103.9625
0,2025-01-11 11:25:00,S107,0.6,1.3135,103.9625
0,2025-01-11 11:30:00,S107,0.4,1.3135,103.9625
0,2025-01-11 11:35:00,S107,0.2,1.3135,103.9625
0,2025-01-11 11:40:00,S107,0.2,1.3135,103.9625
0,2025-01-11 11:45:00,S107,0.6,1.3135,103.9625
0,2025-01-11 11:50:00,S107,1.6,1.3135,103.9625
0,2025-01-11 11:55:00,S107,1.8,1.3135,103.9625
0,2025-01-11 10:00:00,S228,0.396,1.34703,103.70073
0,2025-01-11 10:05:00,S228,0.0,1.34703,103.70073
0,2025-01-11 10:10:00,S228,0.0,1.34703,103.70073
0,2025-01-11 10:15:00,S228,0.0,1.34703,103.70073
0,2025-01-11 10:20:00,S228,0.0,1.34703,103.70073
0,2025-01-11 10:25:00,S228,0.0,1.34703,103.70073
0,2025-01-11 10:30:00,S228,0.0,1.34703,103.70073
0,2025-01-11 10:35:00,S228,0.0,1.34703,103.70073
0,2025-01-11 10:40:00,S228,0.0,1.34703,103.70073
0,2025-01-11 10:45:00,S228,0.0,1.34703,103.70073
0,2025-01-11 10:50:00,S228,0.0,1.34703,103.70073
0,2025-01-11 10:55:00,S228,0.0,1.34703,103.70073
0,2025-01-11 11:00:00,S228,0.0,1.34703,103.70073
0,2025-01-11 11:05:00,S228,0.0,1.34703,103.70073
0,2025-01-11 11:10:00,S228,0.0,1.34703,103.70073
0,2025-01-11 11:15:00,S228,0.0,1.34703,103.70073
0,2025-01-11 11:20:00,S228,0.0,1.34703,103.70073
0,2025-01-11 11:25:00,S228,0.0,1.34703,103.70073
0,2025-01-11 11:30:00,S228,0.0,1.34703,103.70073
0,2025-01-11 11:35:00,S228,0.0,1.34703,103.70073
0,2025-01-11 11:40:00,S228,0.0,1.34703,103.70073
0,2025-01-11 11:45:00,S228,0.0,1.34703,103.70073
0,2025-01-11 11:50:00,S228,0.0,1.34703,103.70073
0,2025-01-11 11:55:00,S228,0.0,1.34703,103.70073
0,2025-01-11 10:00:00,S104,0.0,1.44387,103.78538
0,2025-01-11 10:05:00,S104,0.0,1.44387,103.78538
0,2025-01-11 10:10:00,S104,0.0,1.44387,103.78538
0,2025-01-11 10:15:00,S104,0.0,1.44387,103.78538
0,2025-01-11 10:20:00,S104,0.0,1.44387,103.78538
0,2025-01-11 10:25:00,S104,0.0,1.44387,103.78538
0,2025-01-11 10:30:00,S104,0.0,1.44387,103.78538
0,2025-01-11 10:35:00,S104,0.0,1.44387,103.78538
0,2025-01-11 10:40:00,S104,0.0,1.44387,103.78538
0,2025-01-11 10:45:00,S104,0.2,1.44387,103.78538
0,2025-01-11 10:50:00,S104,0.0,1.44387,103.78538
0,2025-01-11 10:55:00,S104,0.0,1.44387,103.78538
0,2025-01-11 11:00:00,S104,0.0,1.44387,103.78538
0,2025-01-11 11:05:00,S104,0.0,1.44387,103.78538
0,2025-01-11 11:10:00,S104,0.0,1.44387,103.78538
0,2025-01-11 11:15:00,S104,0.0,1.44387,103.78538
0,2025-01-11 11:20:00,S104,0.0,1.44387,103.78538
0,2025-01-11 11:25:00,S104,0.0,1.44387,103.78538
0,2025-01-11 11:30:00,S104,0.0,1.44387,103.78538
0,2025-01-11 11:35:00,S104,0.0,1.44387,103.78538
0,2025-01-11 11:40:00,S104,0.0,1.44387,103.78538
0,2025-01-11 11:45:00,S104,0.2,1.44387,103.78538
0,2025-01-11 11:50:00,S104,0.2,1.44387,103.78538
0,2025-01-11 11:55:00,S104,0.2,1.44387,103.78538
0,2025-01-11 10:00:00,S226,0.2,1.27472,103.80389
0,2025-01-11 10:05:00,S226,0.0,1.27472,103.80389
0,2025-01-11 10:10:00,S226,0.0,1.27472,103.80389
0,2025-01-11 10:15:00,S226,0.0,1.27472,103.80389
0,2025-01-11 10:20:00,S226,0.2,1.27472,103.80389
0,2025-01-11 10:25:00,S226,0.0,1.27472,103.80389
0,2025-01-11 10:30:00,S226,0.0,1.27472,103.80389
0,2025-01-11 10:35:00,S226,0.0,1.27472,103.80389
0,2025-01-11 10:40:00,S226,0.0,1.27472,103.80389
0,2025-01-11 10:45:00,S226,0.0,1.27472,103.80389
0,2025-01-11 10:50:00,S226,0.0,1.27472,103.80389
0,2025-01-11 10:55:00,S226,0.0,1.27472,103.80389
0,2025-01-11 11:00:00,S226,0.0,1.27472,103.80389
0,2025-01-11 11:05:00,S226,0.0,1.27472,103.80389
0,2025-01-11 11:10:00,S226,0.0,1.27472,103.80389
0,2025-01-11 11:15:00,S226,0.0,1.27472,103.80389
0,2025-01-11 11:20:00,S226,0.0,1.27472,103.80389
0,2025-01-11 11:25:00,S226,0.0,1.27472,103.80389
0,2025-01-11 11:30:00,S226,0.0,1.27472,103.80389
0,2025-01-11 11:35:00,S226,0.2,1.27472,103.80389
0,2025-01-11 11:40:00,S226,0.2,1.27472,103.80389
0,2025-01-11 11:45:00,S226,0.0,1.27472,103.80389
0,2025-01-11 11:50:00,S226,0.0,1.27472,103.80389
0,2025-01-11 11:55:00,S226,0.2,1.27472,103.80389
0,2025-01-11 10:00:00,S223,0.203,1.29984,103.80264
0,2025-01-11 10:05:00,S223,0.0,1.29984,103.80264
0,2025-01-11 10:10:00,S223,0.0,1.29984,103.80264
0,2025-01-11 10:15:00,S223,0.0,1.29984,103.80264
0,2025-01-11 10:20:00,S223,0.203,1.29984,103.80264
0,2025-01-11 10:25:00,S223,0.0,1.29984,103.80264
0,2025-01-11 10:30:00,S223,0.0,1.29984,103.80264
0,2025-01-11 10:35:00,S223,0.0,1.29984,103.80264
0,2025-01-11 10:40:00,S223,0.0,1.29984,103.80264
0,2025-01-11 10:45:00,S223,0.0,1.29984,103.80264
0,2025-01-11 10:50:00,S223,0.0,1.29984,103.80264
0,2025-01-11 10:55:00,S223,0.0,1.29984,103.80264
0,2025-01-11 11:00:00,S223,0.0,1.29984,103.80264
0,2025-01-11 11:05:00,S223,0.0,1.29984,103.80264
0,2025-01-11 11:10:00,S223,0.0,1.29984,103.80264
0,2025-01-11 11:15:00,S223,0.0,1.29984,103.80264
0,2025-01-11 11:20:00,S223,0.0,1.29984,103.80264
0,2025-01-11 11:25:00,S223,0.0,1.29984,103.80264
0,2025-01-11 11:30:00,S223,0.0,1.29984,103.80264
0,2025-01-11 11:35:00,S223,0.0,1.29984,103.80264
0,2025-01-11 11:40:00,S223,0.203,1.29984,103.80264
0,2025-01-11 11:45:00,S223,0.0,1.29984,103.80264
0,2025-01-11 11:50:00,S223,0.203,1.29984,103.80264
0,2025-01-11 11:55:00,S223,0.0,1.29984,103.80264
0,2025-01-11 10:00:00,S224,0.0,1.34392,103.98409
0,2025-01-11 10:05:00,S224,0.0,1.34392,103.98409
0,2025-01-11 10:10:00,S224,0.0,1.34392,103.98409
0,2025-01-11 10:15:00,S224,0.0,1.34392,103.98409
0,2025-01-11 10:20:00,S224,0.0,1.34392,103.98409
0,2025-01-11 10:25:00,S224,0.0,1.34392,103.98409
0,2025-01-11 10:30:00,S224,0.0,1.34392,103.98409
0,2025-01-11 10:35:00,S224,0.0,1.34392,103.98409
0,2025-01-11 10:40:00,S224,0.0,1.34392,103.98409
0,2025-01-11 10:45:00,S224,0.0,1.34392,103.98409
0,2025-01-11 10:50:00,S224,0.0,1.34392,103.98409
0,2025-01-11 10:55:00,S224,0.0,1.34392,103.98409
0,2025-01-11 11:00:00,S224,0.0,1.34392,103.98409
0,2025-01-11 11:05:00,S224,0.0,1.34392,103.98409
0,2025-01-11 11:10:00,S224,0.0,1.34392,103.98409
0,2025-01-11 11:15:00,S224,0.0,1.34392,103.98409
0,2025-01-11 11:20:00,S224,0.0,1.34392,103.98409
0,2025-01-11 11:25:00,S224,0.0,1.34392,103.98409
0,2025-01-11 11:30:00,S224,0.0,1.34392,103.98409
0,2025-01-11 11:35:00,S224,0.0,1.34392,103.98409
0,2025-01-11 11:40:00,S224,0.0,1.34392,103.98409
0,2025-01-11 11:45:00,S224,0.0,1.34392,103.98409
0,2025-01-11 11:50:00,S224,0.0,1.34392,103.98409
0,2025-01-11 11:55:00,S224,0.0,1.34392,103.98409
0,2025-01-11 10:00:00,S71,0.0,1.2923,103.7815
0,2025-01-11 10:05:00,S71,0.2,1.2923,103.7815
0,2025-01-11 10:10:00,S71,0.0,1.2923,103.7815
0,2025-01-11 10:15:00,S71,0.0,1.2923,103.7815
0,2025-01-11 10:20:00,S71,0.0,1.2923,103.7815
0,2025-01-11 10:25:00,S71,0.0,1.2923,103.7815
0,2025-01-11 10:30:00,S71,0.0,1.2923,103.7815
0,2025-01-11 10:35:00,S71,0.0,1.2923,103.7815
0,2025-01-11 10:40:00,S71,0.0,1.2923,103.7815
0,2025-01-11 10:45:00,S71,0.0,1.2923,103.7815
0,2025-01-11 10:50:00,S71,0.0,1.2923,103.7815
0,2025-01-11 10:55:00,S71,0.0,1.2923,103.7815
0,2025-01-11 11:00:00,S71,0.0,1.2923,103.7815
0,2025-01-11 11:05:00,S71,0.0,1.2923,103.7815
0,2025-01-11 11:10:00,S71,0.0,1.2923,103.7815
0,2025-01-11 11:15:00,S71,0.0,1.2923,103.7815
0,2025-01-11 11:20:00,S71,0.0,1.2923,103.7815
0,2025-01-11 11:25:00,S71,0.0,1.2923,103.7815
0,2025-01-11 11:30:00,S71,0.0,1.2923,103.7815
0,2025-01-11 11:35:00,S71,0.0,1.2923,103.7815
0,2025-01-11 11:40:00,S71,0.0,1.2923,103.7815
0,2025-01-11 11:45:00,S71,0.0,1.2923,103.7815
0,2025-01-11 11:50:00,S71,0.2,1.2923,103.7815
0,2025-01-11 11:55:00,S71,0.0,1.2923,103.7815
0,2025-01-11 10:00:00,S33,0.2,1.3081,103.71
0,2025-01-11 10:05:00,S33,0.0,1.3081,103.71
0,2025-01-11 10:10:00,S33,0.2,1.3081,103.71
0,2025-01-11 10:15:00,S33,0.0,1.3081,103.71
0,2025-01-11 10:20:00,S33,0.0,1.3081,103.71
0,2025-01-11 10:25:00,S33,0.0,1.3081,103.71
0,2025-01-11 10:30:00,S33,0.0,1.3081,103.71
0,2025-01-11 10:35:00,S33,0.0,1.3081,103.71
0,2025-01-11 10:40:00,S33,0.0,1.3081,103.71
0,2025-01-11 10:45:00,S33,0.2,1.3081,103.71
0,2025-01-11 10:50:00,S33,0.0,1.3081,103.71
0,2025-01-11 10:55:00,S33,0.0,1.3081,103.71
0,2025-01-11 11:00:00,S33,0.0,1.3081,103.71
0,2025-01-11 11:05:00,S33,0.0,1.3081,103.71
0,2025-01-11 11:10:00,S33,0.0,1.3081,103.71
0,2025-01-11 11:15:00,S33,0.0,1.3081,103.71
0,2025-01-11 11:20:00,S33,0.0,1.3081,103.71
0,2025-01-11 11:25:00,S33,0.0,1.3081,103.71
0,2025-01-11 11:30:00,S33,0.0,1.3081,103.71
0,2025-01-11 11:35:00,S33,0.0,1.3081,103.71
0,2025-01-11 11:40:00,S33,0.0,1.3081,103.71
0,2025-01-11 11:45:00,S33,0.0,1.3081,103.71
0,2025-01-11 11:50:00,S33,0.0,1.3081,103.71
0,2025-01-11 11:55:00,S33,0.0,1.3081,103.71
0,2025-01-11 10:00:00,S77,0.2,1.2937,103.8125
0,2025-01-11 10:05:00,S77,0.0,1.2937,103.8125
0,2025-01-11 10:10:00,S77,0.0,1.2937,103.8125
0,2025-01-11 10:15:00,S77,0.0,1.2937,103.8125
0,2025-01-11 10:20:00,S77,0.0,1.2937,103.8125
0,2025-01-11 10:25:00,S77,0.2,1.2937,103.8125
0,2025-01-11 10:30:00,S77,0.0,1.2937,103.8125
0,2025-01-11 10:35:00,S77,0.0,1.2937,103.8125
0,2025-01-11 10:40:00,S77,0.0,1.2937,103.8125
0,2025-01-11 10:45:00,S77,0.0,1.2937,103.8125
0,2025-01-11 10:50:00,S77,0.0,1.2937,103.8125
0,2025-01-11 10:55:00,S77,0.0,1.2937,103.8125
0,2025-01-11 11:00:00,S77,0.0,1.2937,103.8125
0,2025-01-11 11:05:00,S77,0.0,1.2937,103.8125
0,2025-01-11 11:10:00,S77,0.0,1.2937,103.8125
0,2025-01-11 11:15:00,S77,0.0,1.2937,103.8125
0,2025-01-11 11:20:00,S77,0.0,1.2937,103.8125
0,2025-01-11 11:25:00,S77,0.0,1.2937,103.8125
0,2025-01-11 11:30:00,S77,0.0,1.2937,103.8125
0,2025-01-11 11:35:00,S77,0.2,1.2937,103.8125
0,2025-01-11 11:40:00,S77,0.0,1.2937,103.8125
0,2025-01-11 11:45:00,S77,0.2,1.2937,103.8125
0,2025-01-11 11:50:00,S77,0.2,1.2937,103.8125
0,2025-01-11 11:55:00,S77,0.0,1.2937,103.8125
0,2025-01-11 10:35:00,S35,0.0,1.3329,103.7556
0,2025-01-11 10:40:00,S35,0.0,1.3329,103.7556
0,2025-01-11 10:45:00,S35,0.0,1.3329,103.7556
0,2025-01-11 10:50:00,S35,0.0,1.3329,103.7556
0,2025-01-11 10:55:00,S35,0.0,1.3329,103.7556
0,2025-01-11 11:00:00,S35,0.0,1.3329,103.7556
0,2025-01-11 11:05:00,S35,0.0,1.3329,103.7556
0,2025-01-11 11:10:00,S35,0.0,1.3329,103.7556
0,2025-01-11 11:15:00,S35,0.0,1.3329,103.7556
0,2025-01-11 11:20:00,S35,0.0,1.3329,103.7556
0,2025-01-11 11:25:00,S35,0.0,1.3329,103.7556
0,2025-01-11 11:30:00,S35,0.0,1.3329,103.7556
0,2025-01-11 11:35:00,S35,0.0,1.3329,103.7556
0,2025-01-11 11:40:00,S35,0.0,1.3329,103.7556
0,2025-01-11 11:45:00,S35,0.2,1.3329,103.7556
0,2025-01-11 11:50:00,S35,0.0,1.3329,103.7556
0,2025-01-11 11:55:00,S35,0.0,1.3329,103.7556
0,2025-01-11 10:00:00,S79,0.0,1.3004,103.8372
0,2025-01-11 10:05:00,S79,0.0,1.3004,103.8372
0,2025-01-11 10:10:00,S79,0.0,1.3004,103.8372
0,2025-01-11 10:15:00,S79,0.4,1.3004,103.8372
0,2025-01-11 10:20:00,S79,0.0,1.3004,103.8372
0,2025-01-11 10:25:00,S79,0.0,1.3004,103.8372
0,2025-01-11 10:30:00,S79,0.0,1.3004,103.8372
0,2025-01-11 10:35:00,S79,0.4,1.3004,103.8372
0,2025-01-11 10:40:00,S79,0.0,1.3004,103.8372
0,2025-01-11 10:45:00,S79,0.0,1.3004,103.8372
0,2025-01-11 10:50:00,S79,0.0,1.3004,103.8372
0,2025-01-11 10:55:00,S79,0.0,1.3004,103.8372
0,2025-01-11 11:00:00,S79,0.0,1.3004,103.8372
0,2025-01-11 11:05:00,S79,0.0,1.3004,103.8372
0,2025-01-11 11:10:00,S79,0.0,1.3004,103.8372
0,2025-01-11 11:15:00,S79,0.0,1.3004,103.8372
0,2025-01-11 11:20:00,S79,0.0,1.3004,103.8372
0,2025-01-11 11:25:00,S79,0.0,1.3004,103.8372
0,2025-01-11 11:30:00,S79,0.0,1.3004,103.8372
0,2025-01-11 11:35:00,S79,0.6,1.3004,103.8372
0,2025-01-11 11:40:00,S79,0.2,1.3004,103.8372
0,2025-01-11 11:45:00,S79,0.0,1.3004,103.8372
0,2025-01-11 11:50:00,S79,0.0,1.3004,103.8372
0,2025-01-11 11:55:00,S79,0.2,1.3004,103.8372
0,2025-01-11 10:00:00,S111,0.0,1.31055,103.8365
0,2025-01-11 10:05:00,S111,0.0,1.31055,103.8365
0,2025-01-11 10:10:00,S111,0.0,1.31055,103.8365
0,2025-01-11 10:15:00,S111,0.0,1.31055,103.8365
0,2025-01-11 10:20:00,S111,0.0,1.31055,103.8365
0,2025-01-11 10:25:00,S111,0.2,1.31055,103.8365
0,2025-01-11 10:30:00,S111,0.2,1.31055,103.8365
0,2025-01-11 10:35:00,S111,0.2,1.31055,103.8365
0,2025-01-11 10:40:00,S111,0.0,1.31055,103.8365
0,2025-01-11 10:45:00,S111,0.0,1.31055,103.8365
0,2025-01-11 10:50:00,S111,0.0,1.31055,103.8365
0,2025-01-11 10:55:00,S111,0.0,1.31055,103.8365
0,2025-01-11 11:00:00,S111,0.0,1.31055,103.8365
0,2025-01-11 11:05:00,S111,0.0,1.31055,103.8365
0,2025-01-11 11:10:00,S111,0.0,1.31055,103.8365
0,2025-01-11 11:15:00,S111,0.0,1.31055,103.8365
0,2025-01-11 11:20:00,S111,0.0,1.31055,103.8365
0,2025-01-11 11:25:00,S111,0.0,1.31055,103.8365
0,2025-01-11 11:30:00,S111,0.0,1.31055,103.8365
0,2025-01-11 11:35:00,S111,0.4,1.31055,103.8365
0,2025-01-11 11:40:00,S111,0.0,1.31055,103.8365
0,2025-01-11 11:45:00,S111,0.2,1.31055,103.8365
0,2025-01-11 11:50:00,S111,0.0,1.31055,103.8365
0,2025-01-11 11:55:00,S111,0.0,1.31055,103.8365
0,2025-01-11 10:00:00,S112,0.0,1.43854,103.70131
0,2025-01-11 10:05:00,S112,0.0,1.43854,103.70131
0,2025-01-11 10:10:00,S112,0.0,1.43854,103.70131
0,2025-01-11 10:15:00,S112,0.0,1.43854,103.70131
0,2025-01-11 10:20:00,S112,0.0,1.43854,103.70131
0,2025-01-11 10:25:00,S112,0.0,1.43854,103.70131
0,2025-01-11 10:30:00,S112,0.0,1.43854,103.70131
0,2025-01-11 10:35:00,S112,0.0,1.43854,103.70131
0,2025-01-11 10:40:00,S112,0.0,1.43854,103.70131
0,2025-01-11 10:45:00,S112,0.4,1.43854,103.70131
0,2025-01-11 10:50:00,S112,0.2,1.43854,103.70131
0,2025-01-11 10:55:00,S112,0.2,1.43854,103.70131
0,2025-01-11 11:00:00,S112,0.0,1.43854,103.70131
0,2025-01-11 11:05:00,S112,0.0,1.43854,103.70131
0,2025-01-11 11:10:00,S112,0.0,1.43854,103.70131
0,2025-01-11 11:15:00,S112,0.0,1.43854,103.70131
0,2025-01-11 11:20:00,S112,0.0,1.43854,103.70131
0,2025-01-11 11:25:00,S112,0.0,1.43854,103.70131
0,2025-01-11 11:30:00,S112,0.0,1.43854,103.70131
0,2025-01-11 11:35:00,S112,0.0,1.43854,103.70131
0,2025-01-11 11:40:00,S112,0.0,1.43854,103.70131
0,2025-01-11 11:45:00,S112,0.0,1.43854,103.70131
0,2025-01-11 11:50:00,S112,0.0,1.43854,103.70131
0,2025-01-11 11:55:00,S112,0.0,1.43854,103.70131
0,2025-01-11 10:00:00,S230,0.2,1.30167,103.76444
0,2025-01-11 10:05:00,S230,0.2,1.30167,103.76444
0,2025-01-11 10:10:00,S230,0.0,1.30167,103.76444
0,2025-01-11 10:15:00,S230,0.0,1.30167,103.76444
0,2025-01-11 10:20:00,S230,0.0,1.30167,103.76444
0,2025-01-11 10:25:00,S230,0.0,1.30167,103.76444
0,2025-01-11 10:30:00,S230,0.2,1.30167,103.76444
0,2025-01-11 10:35:00,S230,0.0,1.30167,103.76444
0,2025-01-11 10:40:00,S230,0.0,1.30167,103.76444
0,2025-01-11 10:45:00,S230,0.0,1.30167,103.76444
0,2025-01-11 10:50:00,S230,0.0,1.30167,103.76444
0,2025-01-11 10:55:00,S230,0.0,1.30167,103.76444
0,2025-01-11 11:00:00,S230,0.0,1.30167,103.76444
0,2025-01-11 11:05:00,S230,0.0,1.30167,103.76444
0,2025-01-11 11:10:00,S230,0.0,1.30167,103.76444
0,2025-01-11 11:15:00,S230,0.0,1.30167,103.76444
0,2025-01-11 11:20:00,S230,0.0,1.30167,103.76444
0,2025-01-11 11:25:00,S230,0.0,1.30167,103.76444
0,2025-01-11 11:30:00,S230,0.0,1.30167,103.76444
0,2025-01-11 11:35:00,S230,0.0,1.30167,103.76444
0,2025-01-11 11:40:00,S230,0.0,1.30167,103.76444
0,2025-01-11 11:45:00,S230,0.0,1.30167,103.76444
0,2025-01-11 11:50:00,S230,0.0,1.30167,103.76444
0,2025-01-11 11:55:00,S230,0.2,1.30167,103.76444
